package,severity,title,installed_versions,patched_versions,advisory,dependency_paths
@auth/core,critical,"Auth.js: Email normalizer validates the address before Unicode normalization, allowing a homoglyph @ bypass",0.41.0,>=0.41.3,https://github.com/advisories/GHSA-7rqj-j65f-68wh,apps/admin > next-auth@5.0.0-beta.30 > @auth/core@0.41.0; apps/web > next-auth@5.0.0-beta.30 > @auth/core@0.41.0
next-auth,critical,Auth.js: Configuration errors can cause existence-based auth checks to fail open (auth object populated with an error),5.0.0-beta.30,>=5.0.0-beta.32,https://github.com/advisories/GHSA-8fpg-xm3f-6cx3,apps/admin > next-auth@5.0.0-beta.30; apps/web > next-auth@5.0.0-beta.30
next-auth,critical,"Auth.js: Email normalizer validates the address before Unicode normalization, allowing a homoglyph @ bypass",5.0.0-beta.30,>=5.0.0-beta.32,https://github.com/advisories/GHSA-7rqj-j65f-68wh,apps/admin > next-auth@5.0.0-beta.30; apps/web > next-auth@5.0.0-beta.30
@auth/core,high,Auth.js: getToken() throws an uncaught exception on malformed Bearer authorization headers,0.41.0,>=0.41.3,https://github.com/advisories/GHSA-xmf8-cvqr-rfgj,apps/admin > next-auth@5.0.0-beta.30 > @auth/core@0.41.0; apps/web > next-auth@5.0.0-beta.30 > @auth/core@0.41.0
@nestjs/microservices,high,Nest Affected by DoS via Recursive handleData in JsonSocket (TCP Transport),11.1.11,>=11.1.19,https://github.com/advisories/GHSA-hpwf-8g29-85qm,apps/bff > @nestjs/cache-manager@3.1.0 > @nestjs/core@11.1.9 > @nestjs/microservices@11.1.11; apps/bff > @nestjs/core@11.1.9 > @nestjs/microservices@11.1.11; apps/bff > @nestjs/platform-express@11.1.9 > @nestjs/core@11.1.9 > @nestjs/microservices@11.1.11; apps/bff > @nestjs/schedule@5.0.1 > @nestjs/core@11.1.9 > @nestjs/microservices@11.1.11; apps/bff > @nestjs/swagger@11.2.3 > @nestjs/core@11.1.9 > @nestjs/microservices@11.1.11; apps/bff > @nestjs/terminus@11.0.0 > @nestjs/core@11.1.9 > @nestjs/microservices@11.1.11; apps/bff > @nestjs/terminus@11.0.0 > @nestjs/microservices@11.1.11; apps/bff > @nestjs/terminus@11.0.0 > @nestjs/typeorm@11.0.0 > @nestjs/core@11.1.9 > @nestjs/microservices@11.1.11; apps/bff > @nestjs/typeorm@11.0.0 > @nestjs/core@11.1.9 > @nestjs/microservices@11.1.11; apps/bff > @welpco/database@link:../../packages/database > @nestjs/typeorm@11.0.0 > @nestjs/core@11.1.9 > @nestjs/microservices@11.1.11; packages/database > @nestjs/typeorm@11.0.0 > @nestjs/core@11.1.9 > @nestjs/microservices@11.1.11
axios,high,Axios: Incomplete Fix for CVE-2025-62718 — NO_PROXY Protection Bypassed via RFC 1122 Loopback Subnet (127.0.0.0/8) in Axios 1.15.0,1.13.2,>=1.15.1,https://github.com/advisories/GHSA-pmwg-cvhr-8vh7,apps/bff > @nestjs/axios@3.1.3 > axios@1.13.2; apps/bff > @nestjs/terminus@11.0.0 > @nestjs/axios@3.1.3 > axios@1.13.2; apps/bff > axios@1.13.2
axios,high,"Axios: Prototype Pollution Gadgets - Response Tampering, Data Exfiltration, and Request Hijacking",1.13.2,>=1.15.1,https://github.com/advisories/GHSA-pf86-5x62-jrwf,apps/bff > @nestjs/axios@3.1.3 > axios@1.13.2; apps/bff > @nestjs/terminus@11.0.0 > @nestjs/axios@3.1.3 > axios@1.13.2; apps/bff > axios@1.13.2
axios,high,Axios: Header Injection via Prototype Pollution,1.13.2,>=1.15.1,https://github.com/advisories/GHSA-6chq-wfr3-2hj9,apps/bff > @nestjs/axios@3.1.3 > axios@1.13.2; apps/bff > @nestjs/terminus@11.0.0 > @nestjs/axios@3.1.3 > axios@1.13.2; apps/bff > axios@1.13.2
axios,high,Axios is Vulnerable to Denial of Service via __proto__ Key in mergeConfig,1.13.2,>=1.13.5,https://github.com/advisories/GHSA-43fc-jf86-j433,apps/bff > @nestjs/axios@3.1.3 > axios@1.13.2; apps/bff > @nestjs/terminus@11.0.0 > @nestjs/axios@3.1.3 > axios@1.13.2; apps/bff > axios@1.13.2
axios,high,Axios has prototype pollution read-side gadgets in HTTP adapter that allow credential injection and request hijacking,1.13.2,>=1.15.2,https://github.com/advisories/GHSA-q8qp-cvcw-x6jj,apps/bff > @nestjs/axios@3.1.3 > axios@1.13.2; apps/bff > @nestjs/terminus@11.0.0 > @nestjs/axios@3.1.3 > axios@1.13.2; apps/bff > axios@1.13.2
axios,high,Axios: Regular Expression Denial of Service (ReDoS) via Cookie Name Injection,1.13.2; 1.15.2,>=1.16.0,https://github.com/advisories/GHSA-hfxv-24rg-xrqf,apps/bff > @nestjs/axios@3.1.3 > axios@1.13.2; apps/bff > @nestjs/terminus@11.0.0 > @nestjs/axios@3.1.3 > axios@1.13.2; apps/bff > axios@1.13.2; apps/bff > @welpco/sms@link:../../packages/sms > twilio@5.13.1 > axios@1.15.2; apps/bff > twilio@5.13.1 > axios@1.15.2; packages/sms > twilio@5.13.1 > axios@1.15.2
axios,high,Allocation of Resources Without Limits or Throttling in Axios,1.13.2; 1.15.2,>=1.16.0,https://github.com/advisories/GHSA-777c-7fjr-54vf,apps/bff > @nestjs/axios@3.1.3 > axios@1.13.2; apps/bff > @nestjs/terminus@11.0.0 > @nestjs/axios@3.1.3 > axios@1.13.2; apps/bff > axios@1.13.2; apps/bff > @welpco/sms@link:../../packages/sms > twilio@5.13.1 > axios@1.15.2; apps/bff > twilio@5.13.1 > axios@1.15.2; packages/sms > twilio@5.13.1 > axios@1.15.2
axios,high,Axios: Proxy-Authorization Credential Leak to Origin Server Across HTTP-to-HTTPS Redirect in Axios Node.js HTTP Adapter,1.13.2; 1.15.2,>=1.16.0,https://github.com/advisories/GHSA-p92q-9vqr-4j8v,apps/bff > @nestjs/axios@3.1.3 > axios@1.13.2; apps/bff > @nestjs/terminus@11.0.0 > @nestjs/axios@3.1.3 > axios@1.13.2; apps/bff > axios@1.13.2; apps/bff > @welpco/sms@link:../../packages/sms > twilio@5.13.1 > axios@1.15.2; apps/bff > twilio@5.13.1 > axios@1.15.2; packages/sms > twilio@5.13.1 > axios@1.15.2
axios,high,Axios: Proxy-Authorization header leaks to redirect target when proxy is re-evaluated to direct connection,1.13.2; 1.15.2,>=1.16.0,https://github.com/advisories/GHSA-j5f8-grm9-p9fc,apps/bff > @nestjs/axios@3.1.3 > axios@1.13.2; apps/bff > @nestjs/terminus@11.0.0 > @nestjs/axios@3.1.3 > axios@1.13.2; apps/bff > axios@1.13.2; apps/bff > @welpco/sms@link:../../packages/sms > twilio@5.13.1 > axios@1.15.2; apps/bff > twilio@5.13.1 > axios@1.15.2; packages/sms > twilio@5.13.1 > axios@1.15.2
axios,high,axios Vulnerable to Credential Theft and Response Hijacking via Prototype Pollution Gadget in Config Merge,1.13.2,>=1.15.2,https://github.com/advisories/GHSA-3g43-6gmg-66jw,apps/bff > @nestjs/axios@3.1.3 > axios@1.13.2; apps/bff > @nestjs/terminus@11.0.0 > @nestjs/axios@3.1.3 > axios@1.13.2; apps/bff > axios@1.13.2
axios,high,axios Vulnerable to Full Man-in-the-Middle via Prototype Pollution Gadget in `config.proxy`,1.13.2; 1.15.2,>=1.16.0,https://github.com/advisories/GHSA-35jp-ww65-95wh,apps/bff > @nestjs/axios@3.1.3 > axios@1.13.2; apps/bff > @nestjs/terminus@11.0.0 > @nestjs/axios@3.1.3 > axios@1.13.2; apps/bff > axios@1.13.2; apps/bff > @welpco/sms@link:../../packages/sms > twilio@5.13.1 > axios@1.15.2; apps/bff > twilio@5.13.1 > axios@1.15.2; packages/sms > twilio@5.13.1 > axios@1.15.2
axios,high,"axios's shouldBypassProxy does not recognize IPv4-mapped IPv6 addresses, allowing NO_PROXY bypass (incomplete fix for CVE-2025-62718)",1.15.2,>=1.16.0,https://github.com/advisories/GHSA-pjwm-pj3p-43mv,apps/bff > @welpco/sms@link:../../packages/sms > twilio@5.13.1 > axios@1.15.2; apps/bff > twilio@5.13.1 > axios@1.15.2; packages/sms > twilio@5.13.1 > axios@1.15.2
axios,high,Axios Node HTTP adapter can use an inherited proxy after interceptor config cloning,1.15.2,>=1.18.0,https://github.com/advisories/GHSA-gcfj-64vw-6mp9,apps/bff > @welpco/sms@link:../../packages/sms > twilio@5.13.1 > axios@1.15.2; apps/bff > twilio@5.13.1 > axios@1.15.2; packages/sms > twilio@5.13.1 > axios@1.15.2
brace-expansion,high,brace-expansion: DoS via exponential-time expansion of consecutive non-expanding {} groups,2.0.2,>=2.1.2,https://github.com/advisories/GHSA-3jxr-9vmj-r5cp,apps/bff > @nestjs/terminus@11.0.0 > @nestjs/typeorm@11.0.0 > typeorm@0.3.28 > glob@10.5.0 > minimatch@9.0.5 > brace-expansion@2.0.2; apps/bff > @nestjs/terminus@11.0.0 > typeorm@0.3.28 > glob@10.5.0 > minimatch@9.0.5 > brace-expansion@2.0.2; apps/bff > @nestjs/typeorm@11.0.0 > typeorm@0.3.28 > glob@10.5.0 > minimatch@9.0.5 > brace-expansion@2.0.2; apps/bff > @welpco/database@link:../../packages/database > @nestjs/typeorm@11.0.0 > typeorm@0.3.28 > glob@10.5.0 > minimatch@9.0.5 > brace-expansion@2.0.2; apps/bff > @welpco/database@link:../../packages/database > typeorm@0.3.28 > glob@10.5.0 > minimatch@9.0.5 > brace-expansion@2.0.2; apps/bff > typeorm@0.3.28 > glob@10.5.0 > minimatch@9.0.5 > brace-expansion@2.0.2; packages/database > @nestjs/typeorm@11.0.0 > typeorm@0.3.28 > glob@10.5.0 > minimatch@9.0.5 > brace-expansion@2.0.2; packages/database > typeorm@0.3.28 > glob@10.5.0 > minimatch@9.0.5 > brace-expansion@2.0.2
brace-expansion,high,brace-expansion: DoS via exponential-time expansion of consecutive non-expanding {} groups,1.1.12,>=1.1.16,https://github.com/advisories/GHSA-3jxr-9vmj-r5cp,packages/eslint-plugin-design > eslint@9.39.1 > @eslint/config-array@0.21.1 > minimatch@3.1.2 > brace-expansion@1.1.12; packages/eslint-plugin-design > eslint@9.39.1 > @eslint/eslintrc@3.3.3 > minimatch@3.1.2 > brace-expansion@1.1.12; packages/eslint-plugin-design > eslint@9.39.1 > minimatch@3.1.2 > brace-expansion@1.1.12
brace-expansion,high,brace-expansion: DoS via unbounded expansion length causing an out-of-memory process crash,1.1.12,>=1.1.17,https://github.com/advisories/GHSA-mh99-v99m-4gvg,packages/eslint-plugin-design > eslint@9.39.1 > @eslint/config-array@0.21.1 > minimatch@3.1.2 > brace-expansion@1.1.12; packages/eslint-plugin-design > eslint@9.39.1 > @eslint/eslintrc@3.3.3 > minimatch@3.1.2 > brace-expansion@1.1.12; packages/eslint-plugin-design > eslint@9.39.1 > minimatch@3.1.2 > brace-expansion@1.1.12
brace-expansion,high,brace-expansion: DoS via unbounded expansion length causing an out-of-memory process crash,2.0.2,>=2.1.3,https://github.com/advisories/GHSA-mh99-v99m-4gvg,apps/bff > @nestjs/terminus@11.0.0 > @nestjs/typeorm@11.0.0 > typeorm@0.3.28 > glob@10.5.0 > minimatch@9.0.5 > brace-expansion@2.0.2; apps/bff > @nestjs/terminus@11.0.0 > typeorm@0.3.28 > glob@10.5.0 > minimatch@9.0.5 > brace-expansion@2.0.2; apps/bff > @nestjs/typeorm@11.0.0 > typeorm@0.3.28 > glob@10.5.0 > minimatch@9.0.5 > brace-expansion@2.0.2; apps/bff > @welpco/database@link:../../packages/database > @nestjs/typeorm@11.0.0 > typeorm@0.3.28 > glob@10.5.0 > minimatch@9.0.5 > brace-expansion@2.0.2; apps/bff > @welpco/database@link:../../packages/database > typeorm@0.3.28 > glob@10.5.0 > minimatch@9.0.5 > brace-expansion@2.0.2; apps/bff > typeorm@0.3.28 > glob@10.5.0 > minimatch@9.0.5 > brace-expansion@2.0.2; packages/database > @nestjs/typeorm@11.0.0 > typeorm@0.3.28 > glob@10.5.0 > minimatch@9.0.5 > brace-expansion@2.0.2; packages/database > typeorm@0.3.28 > glob@10.5.0 > minimatch@9.0.5 > brace-expansion@2.0.2
brace-expansion,high,"brace-expansion: DoS via unbounded intermediate arrays, bypassing the CVE-2026-14257 mitigation",2.0.2,>=2.1.4,https://github.com/advisories/GHSA-rgw5-rvv9-x895,apps/bff > @nestjs/terminus@11.0.0 > @nestjs/typeorm@11.0.0 > typeorm@0.3.28 > glob@10.5.0 > minimatch@9.0.5 > brace-expansion@2.0.2; apps/bff > @nestjs/terminus@11.0.0 > typeorm@0.3.28 > glob@10.5.0 > minimatch@9.0.5 > brace-expansion@2.0.2; apps/bff > @nestjs/typeorm@11.0.0 > typeorm@0.3.28 > glob@10.5.0 > minimatch@9.0.5 > brace-expansion@2.0.2; apps/bff > @welpco/database@link:../../packages/database > @nestjs/typeorm@11.0.0 > typeorm@0.3.28 > glob@10.5.0 > minimatch@9.0.5 > brace-expansion@2.0.2; apps/bff > @welpco/database@link:../../packages/database > typeorm@0.3.28 > glob@10.5.0 > minimatch@9.0.5 > brace-expansion@2.0.2; apps/bff > typeorm@0.3.28 > glob@10.5.0 > minimatch@9.0.5 > brace-expansion@2.0.2; packages/database > @nestjs/typeorm@11.0.0 > typeorm@0.3.28 > glob@10.5.0 > minimatch@9.0.5 > brace-expansion@2.0.2; packages/database > typeorm@0.3.28 > glob@10.5.0 > minimatch@9.0.5 > brace-expansion@2.0.2
brace-expansion,high,"brace-expansion: DoS via unbounded intermediate arrays, bypassing the CVE-2026-14257 mitigation",1.1.12,>=1.1.18,https://github.com/advisories/GHSA-rgw5-rvv9-x895,packages/eslint-plugin-design > eslint@9.39.1 > @eslint/config-array@0.21.1 > minimatch@3.1.2 > brace-expansion@1.1.12; packages/eslint-plugin-design > eslint@9.39.1 > @eslint/eslintrc@3.3.3 > minimatch@3.1.2 > brace-expansion@1.1.12; packages/eslint-plugin-design > eslint@9.39.1 > minimatch@3.1.2 > brace-expansion@1.1.12
browserslist,high,"Browserslist: Unbounded memory growth (no cache eviction) via distinct query results, leading to eventual OOM",4.28.0,>=4.28.7,https://github.com/advisories/GHSA-c83g-rgw3-j3cx,apps/admin > next@16.3.0 > styled-jsx@5.1.6 > @babel/core@7.28.5 > @babel/helper-compilation-targets@7.27.2 > browserslist@4.28.0 > update-browserslist-db@1.1.4 > browserslist@4.28.0; apps/admin > next-auth@5.0.0-beta.30 > next@16.3.0 > styled-jsx@5.1.6 > @babel/core@7.28.5 > @babel/helper-compilation-targets@7.27.2 > browserslist@4.28.0 > update-browserslist-db@1.1.4 > browserslist@4.28.0; apps/web > @vercel/analytics@2.0.1 > next@16.3.0 > styled-jsx@5.1.6 > @babel/core@7.28.5 > @babel/helper-compilation-targets@7.27.2 > browserslist@4.28.0 > update-browserslist-db@1.1.4 > browserslist@4.28.0; apps/web > @vercel/speed-insights@2.0.0 > next@16.3.0 > styled-jsx@5.1.6 > @babel/core@7.28.5 > @babel/helper-compilation-targets@7.27.2 > browserslist@4.28.0 > update-browserslist-db@1.1.4 > browserslist@4.28.0; apps/web > next@16.3.0 > styled-jsx@5.1.6 > @babel/core@7.28.5 > @babel/helper-compilation-targets@7.27.2 > browserslist@4.28.0 > update-browserslist-db@1.1.4 > browserslist@4.28.0; apps/web > next-auth@5.0.0-beta.30 > next@16.3.0 > styled-jsx@5.1.6 > @babel/core@7.28.5 > @babel/helper-compilation-targets@7.27.2 > browserslist@4.28.0 > update-browserslist-db@1.1.4 > browserslist@4.28.0; apps/web > next-intl@4.13.0 > next@16.3.0 > styled-jsx@5.1.6 > @babel/core@7.28.5 > @babel/helper-compilation-targets@7.27.2 > browserslist@4.28.0 > update-browserslist-db@1.1.4 > browserslist@4.28.0
browserslist,high,Browserslist: Uncaught crash / prototype write via untrusted browserslist-stats.json custom stats (normalizeStats),4.28.0,>=4.28.7,https://github.com/advisories/GHSA-73wf-gq98-2v4g,apps/admin > next@16.3.0 > styled-jsx@5.1.6 > @babel/core@7.28.5 > @babel/helper-compilation-targets@7.27.2 > browserslist@4.28.0 > update-browserslist-db@1.1.4 > browserslist@4.28.0; apps/admin > next-auth@5.0.0-beta.30 > next@16.3.0 > styled-jsx@5.1.6 > @babel/core@7.28.5 > @babel/helper-compilation-targets@7.27.2 > browserslist@4.28.0 > update-browserslist-db@1.1.4 > browserslist@4.28.0; apps/web > @vercel/analytics@2.0.1 > next@16.3.0 > styled-jsx@5.1.6 > @babel/core@7.28.5 > @babel/helper-compilation-targets@7.27.2 > browserslist@4.28.0 > update-browserslist-db@1.1.4 > browserslist@4.28.0; apps/web > @vercel/speed-insights@2.0.0 > next@16.3.0 > styled-jsx@5.1.6 > @babel/core@7.28.5 > @babel/helper-compilation-targets@7.27.2 > browserslist@4.28.0 > update-browserslist-db@1.1.4 > browserslist@4.28.0; apps/web > next@16.3.0 > styled-jsx@5.1.6 > @babel/core@7.28.5 > @babel/helper-compilation-targets@7.27.2 > browserslist@4.28.0 > update-browserslist-db@1.1.4 > browserslist@4.28.0; apps/web > next-auth@5.0.0-beta.30 > next@16.3.0 > styled-jsx@5.1.6 > @babel/core@7.28.5 > @babel/helper-compilation-targets@7.27.2 > browserslist@4.28.0 > update-browserslist-db@1.1.4 > browserslist@4.28.0; apps/web > next-intl@4.13.0 > next@16.3.0 > styled-jsx@5.1.6 > @babel/core@7.28.5 > @babel/helper-compilation-targets@7.27.2 > browserslist@4.28.0 > update-browserslist-db@1.1.4 > browserslist@4.28.0
fast-xml-builder,high,fast-xml-builder allows attribute values with unwanted quotes to bypass malicious or unwanted attributes,1.1.3,>=1.1.7,https://github.com/advisories/GHSA-5wm8-gmm8-39j9,apps/bff > @aws-sdk/client-s3@3.1009.0 > @aws-sdk/core@3.973.20 > @aws-sdk/xml-builder@3.972.11 > fast-xml-parser@5.4.1 > fast-xml-builder@1.1.3; apps/bff > @aws-sdk/client-s3@3.1009.0 > @aws-sdk/credential-provider-node@3.972.21 > @aws-sdk/credential-provider-env@3.972.18 > @aws-sdk/core@3.973.20 > @aws-sdk/xml-builder@3.972.11 > fast-xml-parser@5.4.1 > fast-xml-builder@1.1.3; apps/bff > @aws-sdk/client-s3@3.1009.0 > @aws-sdk/credential-provider-node@3.972.21 > @aws-sdk/credential-provider-http@3.972.20 > @aws-sdk/core@3.973.20 > @aws-sdk/xml-builder@3.972.11 > fast-xml-parser@5.4.1 > fast-xml-builder@1.1.3; apps/bff > @aws-sdk/client-s3@3.1009.0 > @aws-sdk/credential-provider-node@3.972.21 > @aws-sdk/credential-provider-ini@3.972.20 > @aws-sdk/core@3.973.20 > @aws-sdk/xml-builder@3.972.11 > fast-xml-parser@5.4.1 > fast-xml-builder@1.1.3; apps/bff > @aws-sdk/client-s3@3.1009.0 > @aws-sdk/credential-provider-node@3.972.21 > @aws-sdk/credential-provider-ini@3.972.20 > @aws-sdk/credential-provider-env@3.972.18 > @aws-sdk/core@3.973.20 > @aws-sdk/xml-builder@3.972.11 > fast-xml-parser@5.4.1 > fast-xml-builder@1.1.3; apps/bff > @aws-sdk/client-s3@3.1009.0 > @aws-sdk/credential-provider-node@3.972.21 > @aws-sdk/credential-provider-ini@3.972.20 > @aws-sdk/credential-provider-http@3.972.20 > @aws-sdk/core@3.973.20 > @aws-sdk/xml-builder@3.972.11 > fast-xml-parser@5.4.1 > fast-xml-builder@1.1.3; apps/bff > @aws-sdk/client-s3@3.1009.0 > @aws-sdk/credential-provider-node@3.972.21 > @aws-sdk/credential-provider-ini@3.972.20 > @aws-sdk/credential-provider-login@3.972.20 > @aws-sdk/core@3.973.20 > @aws-sdk/xml-builder@3.972.11 > fast-xml-parser@5.4.1 > fast-xml-builder@1.1.3; apps/bff > @aws-sdk/client-s3@3.1009.0 > @aws-sdk/credential-provider-node@3.972.21 > @aws-sdk/credential-provider-ini@3.972.20 > @aws-sdk/credential-provider-login@3.972.20 > @aws-sdk/nested-clients@3.996.10 > @aws-sdk/core@3.973.20 > @aws-sdk/xml-builder@3.972.11 > fast-xml-parser@5.4.1 > fast-xml-builder@1.1.3; apps/bff > @aws-sdk/client-s3@3.1009.0 > @aws-sdk/credential-provider-node@3.972.21 > @aws-sdk/credential-provider-ini@3.972.20 > @aws-sdk/credential-provider-login@3.972.20 > @aws-sdk/nested-clients@3.996.10 > @aws-sdk/middleware-user-agent@3.972.21 > @aws-sdk/core@3.973.20 > @aws-sdk/xml-builder@3.972.11 > fast-xml-parser@5.4.1 > fast-xml-builder@1.1.3; apps/bff > @aws-sdk/client-s3@3.1009.0 > @aws-sdk/credential-provider-node@3.972.21 > @aws-sdk/credential-provider-ini@3.972.20 > @aws-sdk/credential-provider-login@3.972.20 > @aws-sdk/nested-clients@3.996.10 > @aws-sdk/util-user-agent-node@3.973.7 > @aws-sdk/middleware-user-agent@3.972.21 > @aws-sdk/core@3.973.20 > @aws-sdk/xml-builder@3.972.11 > fast-xml-parser@5.4.1 > fast-xml-builder@1.1.3; apps/bff > @aws-sdk/client-s3@3.1009.0 > @aws-sdk/credential-provider-node@3.972.21 > @aws-sdk/credential-provider-ini@3.972.20 > @aws-sdk/credential-provider-process@3.972.18 > @aws-sdk/core@3.973.20 > @aws-sdk/xml-builder@3.972.11 > fast-xml-parser@5.4.1 > fast-xml-builder@1.1.3; apps/bff > @aws-sdk/client-s3@3.1009.0 > @aws-sdk/credential-provider-node@3.972.21 > @aws-sdk/credential-provider-ini@3.972.20 > @aws-sdk/credential-provider-sso@3.972.20 > @aws-sdk/core@3.973.20 > @aws-sdk/xml-builder@3.972.11 > fast-xml-parser@5.4.1 > fast-xml-builder@1.1.3; apps/bff > @aws-sdk/client-s3@3.1009.0 > @aws-sdk/credential-provider-node@3.972.21 > @aws-sdk/credential-provider-ini@3.972.20 > @aws-sdk/credential-provider-sso@3.972.20 > @aws-sdk/nested-clients@3.996.10 > @aws-sdk/core@3.973.20 > @aws-sdk/xml-builder@3.972.11 > fast-xml-parser@5.4.1 > fast-xml-builder@1.1.3; apps/bff > @aws-sdk/client-s3@3.1009.0 > @aws-sdk/credential-provider-node@3.972.21 > @aws-sdk/credential-provider-ini@3.972.20 > @aws-sdk/credential-provider-sso@3.972.20 > @aws-sdk/nested-clients@3.996.10 > @aws-sdk/middleware-user-agent@3.972.21 > @aws-sdk/core@3.973.20 > @aws-sdk/xml-builder@3.972.11 > fast-xml-parser@5.4.1 > fast-xml-builder@1.1.3; apps/bff > @aws-sdk/client-s3@3.1009.0 > @aws-sdk/credential-provider-node@3.972.21 > @aws-sdk/credential-provider-ini@3.972.20 > @aws-sdk/credential-provider-sso@3.972.20 > @aws-sdk/nested-clients@3.996.10 > @aws-sdk/util-user-agent-node@3.973.7 > @aws-sdk/middleware-user-agent@3.972.21 > @aws-sdk/core@3.973.20 > @aws-sdk/xml-builder@3.972.11 > fast-xml-parser@5.4.1 > fast-xml-builder@1.1.3; apps/bff > @aws-sdk/client-s3@3.1009.0 > @aws-sdk/credential-provider-node@3.972.21 > @aws-sdk/credential-provider-ini@3.972.20 > @aws-sdk/credential-provider-sso@3.972.20 > @aws-sdk/token-providers@3.1009.0 > @aws-sdk/core@3.973.20 > @aws-sdk/xml-builder@3.972.11 > fast-xml-parser@5.4.1 > fast-xml-builder@1.1.3; apps/bff > @aws-sdk/client-s3@3.1009.0 > @aws-sdk/credential-provider-node@3.972.21 > @aws-sdk/credential-provider-ini@3.972.20 > @aws-sdk/credential-provider-sso@3.972.20 > @aws-sdk/token-providers@3.1009.0 > @aws-sdk/nested-clients@3.996.10 > @aws-sdk/core@3.973.20 > @aws-sdk/xml-builder@3.972.11 > fast-xml-parser@5.4.1 > fast-xml-builder@1.1.3; apps/bff > @aws-sdk/client-s3@3.1009.0 > @aws-sdk/credential-provider-node@3.972.21 > @aws-sdk/credential-provider-ini@3.972.20 > @aws-sdk/credential-provider-sso@3.972.20 > @aws-sdk/token-providers@3.1009.0 > @aws-sdk/nested-clients@3.996.10 > @aws-sdk/middleware-user-agent@3.972.21 > @aws-sdk/core@3.973.20 > @aws-sdk/xml-builder@3.972.11 > fast-xml-parser@5.4.1 > fast-xml-builder@1.1.3; apps/bff > @aws-sdk/client-s3@3.1009.0 > @aws-sdk/credential-provider-node@3.972.21 > @aws-sdk/credential-provider-ini@3.972.20 > @aws-sdk/credential-provider-sso@3.972.20 > @aws-sdk/token-providers@3.1009.0 > @aws-sdk/nested-clients@3.996.10 > @aws-sdk/util-user-agent-node@3.973.7 > @aws-sdk/middleware-user-agent@3.972.21 > @aws-sdk/core@3.973.20 > @aws-sdk/xml-builder@3.972.11 > fast-xml-parser@5.4.1 > fast-xml-builder@1.1.3; apps/bff > @aws-sdk/client-s3@3.1009.0 > @aws-sdk/credential-provider-node@3.972.21 > @aws-sdk/credential-provider-ini@3.972.20 > @aws-sdk/credential-provider-web-identity@3.972.20 > @aws-sdk/core@3.973.20 > @aws-sdk/xml-builder@3.972.11 > fast-xml-parser@5.4.1 > fast-xml-builder@1.1.3; apps/bff > @aws-sdk/client-s3@3.1009.0 > @aws-sdk/credential-provider-node@3.972.21 > @aws-sdk/credential-provider-ini@3.972.20 > @aws-sdk/credential-provider-web-identity@3.972.20 > @aws-sdk/nested-clients@3.996.10 > @aws-sdk/core@3.973.20 > @aws-sdk/xml-builder@3.972.11 > fast-xml-parser@5.4.1 > fast-xml-builder@1.1.3; apps/bff > @aws-sdk/client-s3@3.1009.0 > @aws-sdk/credential-provider-node@3.972.21 > @aws-sdk/credential-provider-ini@3.972.20 > @aws-sdk/credential-provider-web-identity@3.972.20 > @aws-sdk/nested-clients@3.996.10 > @aws-sdk/middleware-user-agent@3.972.21 > @aws-sdk/core@3.973.20 > @aws-sdk/xml-builder@3.972.11 > fast-xml-parser@5.4.1 > fast-xml-builder@1.1.3; apps/bff > @aws-sdk/client-s3@3.1009.0 > @aws-sdk/credential-provider-node@3.972.21 > @aws-sdk/credential-provider-ini@3.972.20 > @aws-sdk/credential-provider-web-identity@3.972.20 > @aws-sdk/nested-clients@3.996.10 > @aws-sdk/util-user-agent-node@3.973.7 > @aws-sdk/middleware-user-agent@3.972.21 > @aws-sdk/core@3.973.20 > @aws-sdk/xml-builder@3.972.11 > fast-xml-parser@5.4.1 > fast-xml-builder@1.1.3; apps/bff > @aws-sdk/client-s3@3.1009.0 > @aws-sdk/credential-provider-node@3.972.21 > @aws-sdk/credential-provider-ini@3.972.20 > @aws-sdk/nested-clients@3.996.10 > @aws-sdk/core@3.973.20 > @aws-sdk/xml-builder@3.972.11 > fast-xml-parser@5.4.1 > fast-xml-builder@1.1.3; apps/bff > @aws-sdk/client-s3@3.1009.0 > @aws-sdk/credential-provider-node@3.972.21 > @aws-sdk/credential-provider-ini@3.972.20 > @aws-sdk/nested-clients@3.996.10 > @aws-sdk/middleware-user-agent@3.972.21 > @aws-sdk/core@3.973.20 > @aws-sdk/xml-builder@3.972.11 > fast-xml-parser@5.4.1 > fast-xml-builder@1.1.3; apps/bff > @aws-sdk/client-s3@3.1009.0 > @aws-sdk/credential-provider-node@3.972.21 > @aws-sdk/credential-provider-ini@3.972.20 > @aws-sdk/nested-clients@3.996.10 > @aws-sdk/util-user-agent-node@3.973.7 > @aws-sdk/middleware-user-agent@3.972.21 > @aws-sdk/core@3.973.20 > @aws-sdk/xml-builder@3.972.11 > fast-xml-parser@5.4.1 > fast-xml-builder@1.1.3; apps/bff > @aws-sdk/client-s3@3.1009.0 > @aws-sdk/credential-provider-node@3.972.21 > @aws-sdk/credential-provider-process@3.972.18 > @aws-sdk/core@3.973.20 > @aws-sdk/xml-builder@3.972.11 > fast-xml-parser@5.4.1 > fast-xml-builder@1.1.3; apps/bff > @aws-sdk/client-s3@3.1009.0 > @aws-sdk/credential-provider-node@3.972.21 > @aws-sdk/credential-provider-sso@3.972.20 > @aws-sdk/core@3.973.20 > @aws-sdk/xml-builder@3.972.11 > fast-xml-parser@5.4.1 > fast-xml-builder@1.1.3; apps/bff > @aws-sdk/client-s3@3.1009.0 > @aws-sdk/credential-provider-node@3.972.21 > @aws-sdk/credential-provider-sso@3.972.20 > @aws-sdk/nested-clients@3.996.10 > @aws-sdk/core@3.973.20 > @aws-sdk/xml-builder@3.972.11 > fast-xml-parser@5.4.1 > fast-xml-builder@1.1.3; apps/bff > @aws-sdk/client-s3@3.1009.0 > @aws-sdk/credential-provider-node@3.972.21 > @aws-sdk/credential-provider-sso@3.972.20 > @aws-sdk/nested-clients@3.996.10 > @aws-sdk/middleware-user-agent@3.972.21 > @aws-sdk/core@3.973.20 > @aws-sdk/xml-builder@3.972.11 > fast-xml-parser@5.4.1 > fast-xml-builder@1.1.3; apps/bff > @aws-sdk/client-s3@3.1009.0 > @aws-sdk/credential-provider-node@3.972.21 > @aws-sdk/credential-provider-sso@3.972.20 > @aws-sdk/nested-clients@3.996.10 > @aws-sdk/util-user-agent-node@3.973.7 > @aws-sdk/middleware-user-agent@3.972.21 > @aws-sdk/core@3.973.20 > @aws-sdk/xml-builder@3.972.11 > fast-xml-parser@5.4.1 > fast-xml-builder@1.1.3; apps/bff > @aws-sdk/client-s3@3.1009.0 > @aws-sdk/credential-provider-node@3.972.21 > @aws-sdk/credential-provider-sso@3.972.20 > @aws-sdk/token-providers@3.1009.0 > @aws-sdk/core@3.973.20 > @aws-sdk/xml-builder@3.972.11 > fast-xml-parser@5.4.1 > fast-xml-builder@1.1.3; apps/bff > @aws-sdk/client-s3@3.1009.0 > @aws-sdk/credential-provider-node@3.972.21 > @aws-sdk/credential-provider-sso@3.972.20 > @aws-sdk/token-providers@3.1009.0 > @aws-sdk/nested-clients@3.996.10 > @aws-sdk/core@3.973.20 > @aws-sdk/xml-builder@3.972.11 > fast-xml-parser@5.4.1 > fast-xml-builder@1.1.3; apps/bff > @aws-sdk/client-s3@3.1009.0 > @aws-sdk/credential-provider-node@3.972.21 > @aws-sdk/credential-provider-sso@3.972.20 > @aws-sdk/token-providers@3.1009.0 > @aws-sdk/nested-clients@3.996.10 > @aws-sdk/middleware-user-agent@3.972.21 > @aws-sdk/core@3.973.20 > @aws-sdk/xml-builder@3.972.11 > fast-xml-parser@5.4.1 > fast-xml-builder@1.1.3; apps/bff > @aws-sdk/client-s3@3.1009.0 > @aws-sdk/credential-provider-node@3.972.21 > @aws-sdk/credential-provider-sso@3.972.20 > @aws-sdk/token-providers@3.1009.0 > @aws-sdk/nested-clients@3.996.10 > @aws-sdk/util-user-agent-node@3.973.7 > @aws-sdk/middleware-user-agent@3.972.21 > @aws-sdk/core@3.973.20 > @aws-sdk/xml-builder@3.972.11 > fast-xml-parser@5.4.1 > fast-xml-builder@1.1.3; apps/bff > @aws-sdk/client-s3@3.1009.0 > @aws-sdk/credential-provider-node@3.972.21 > @aws-sdk/credential-provider-web-identity@3.972.20 > @aws-sdk/core@3.973.20 > @aws-sdk/xml-builder@3.972.11 > fast-xml-parser@5.4.1 > fast-xml-builder@1.1.3; apps/bff > @aws-sdk/client-s3@3.1009.0 > @aws-sdk/credential-provider-node@3.972.21 > @aws-sdk/credential-provider-web-identity@3.972.20 > @aws-sdk/nested-clients@3.996.10 > @aws-sdk/core@3.973.20 > @aws-sdk/xml-builder@3.972.11 > fast-xml-parser@5.4.1 > fast-xml-builder@1.1.3; apps/bff > @aws-sdk/client-s3@3.1009.0 > @aws-sdk/credential-provider-node@3.972.21 > @aws-sdk/credential-provider-web-identity@3.972.20 > @aws-sdk/nested-clients@3.996.10 > @aws-sdk/middleware-user-agent@3.972.21 > @aws-sdk/core@3.973.20 > @aws-sdk/xml-builder@3.972.11 > fast-xml-parser@5.4.1 > fast-xml-builder@1.1.3; apps/bff > @aws-sdk/client-s3@3.1009.0 > @aws-sdk/credential-provider-node@3.972.21 > @aws-sdk/credential-provider-web-identity@3.972.20 > @aws-sdk/nested-clients@3.996.10 > @aws-sdk/util-user-agent-node@3.973.7 > @aws-sdk/middleware-user-agent@3.972.21 > @aws-sdk/core@3.973.20 > @aws-sdk/xml-builder@3.972.11 > fast-xml-parser@5.4.1 > fast-xml-builder@1.1.3; apps/bff > @aws-sdk/client-s3@3.1009.0 > @aws-sdk/middleware-flexible-checksums@3.973.6 > @aws-sdk/core@3.973.20 > @aws-sdk/xml-builder@3.972.11 > fast-xml-parser@5.4.1 > fast-xml-builder@1.1.3; apps/bff > @aws-sdk/client-s3@3.1009.0 > @aws-sdk/middleware-sdk-s3@3.972.20 > @aws-sdk/core@3.973.20 > @aws-sdk/xml-builder@3.972.11 > fast-xml-parser@5.4.1 > fast-xml-builder@1.1.3; apps/bff > @aws-sdk/client-s3@3.1009.0 > @aws-sdk/middleware-user-agent@3.972.21 > @aws-sdk/core@3.973.20 > @aws-sdk/xml-builder@3.972.11 > fast-xml-parser@5.4.1 > fast-xml-builder@1.1.3; apps/bff > @aws-sdk/client-s3@3.1009.0 > @aws-sdk/signature-v4-multi-region@3.996.8 > @aws-sdk/middleware-sdk-s3@3.972.20 > @aws-sdk/core@3.973.20 > @aws-sdk/xml-builder@3.972.11 > fast-xml-parser@5.4.1 > fast-xml-builder@1.1.3; apps/bff > @aws-sdk/client-s3@3.1009.0 > @aws-sdk/util-user-agent-node@3.973.7 > @aws-sdk/middleware-user-agent@3.972.21 > @aws-sdk/core@3.973.20 > @aws-sdk/xml-builder@3.972.11 > fast-xml-parser@5.4.1 > fast-xml-builder@1.1.3; apps/bff > @aws-sdk/s3-request-presigner@3.1009.0 > @aws-sdk/signature-v4-multi-region@3.996.8 > @aws-sdk/middleware-sdk-s3@3.972.20 > @aws-sdk/core@3.973.20 > @aws-sdk/xml-builder@3.972.11 > fast-xml-parser@5.4.1 > fast-xml-builder@1.1.3
fast-xml-parser,high,fast-xml-parser affected by numeric entity expansion bypassing all entity expansion limits (incomplete fix for CVE-2026-26278),5.4.1,>=5.5.6,https://github.com/advisories/GHSA-8gc5-j5rx-235r,apps/bff > @aws-sdk/client-s3@3.1009.0 > @aws-sdk/core@3.973.20 > @aws-sdk/xml-builder@3.972.11 > fast-xml-parser@5.4.1; apps/bff > @aws-sdk/client-s3@3.1009.0 > @aws-sdk/credential-provider-node@3.972.21 > @aws-sdk/credential-provider-env@3.972.18 > @aws-sdk/core@3.973.20 > @aws-sdk/xml-builder@3.972.11 > fast-xml-parser@5.4.1; apps/bff > @aws-sdk/client-s3@3.1009.0 > @aws-sdk/credential-provider-node@3.972.21 > @aws-sdk/credential-provider-http@3.972.20 > @aws-sdk/core@3.973.20 > @aws-sdk/xml-builder@3.972.11 > fast-xml-parser@5.4.1; apps/bff > @aws-sdk/client-s3@3.1009.0 > @aws-sdk/credential-provider-node@3.972.21 > @aws-sdk/credential-provider-ini@3.972.20 > @aws-sdk/core@3.973.20 > @aws-sdk/xml-builder@3.972.11 > fast-xml-parser@5.4.1; apps/bff > @aws-sdk/client-s3@3.1009.0 > @aws-sdk/credential-provider-node@3.972.21 > @aws-sdk/credential-provider-ini@3.972.20 > @aws-sdk/credential-provider-env@3.972.18 > @aws-sdk/core@3.973.20 > @aws-sdk/xml-builder@3.972.11 > fast-xml-parser@5.4.1; apps/bff > @aws-sdk/client-s3@3.1009.0 > @aws-sdk/credential-provider-node@3.972.21 > @aws-sdk/credential-provider-ini@3.972.20 > @aws-sdk/credential-provider-http@3.972.20 > @aws-sdk/core@3.973.20 > @aws-sdk/xml-builder@3.972.11 > fast-xml-parser@5.4.1; apps/bff > @aws-sdk/client-s3@3.1009.0 > @aws-sdk/credential-provider-node@3.972.21 > @aws-sdk/credential-provider-ini@3.972.20 > @aws-sdk/credential-provider-login@3.972.20 > @aws-sdk/core@3.973.20 > @aws-sdk/xml-builder@3.972.11 > fast-xml-parser@5.4.1; apps/bff > @aws-sdk/client-s3@3.1009.0 > @aws-sdk/credential-provider-node@3.972.21 > @aws-sdk/credential-provider-ini@3.972.20 > @aws-sdk/credential-provider-login@3.972.20 > @aws-sdk/nested-clients@3.996.10 > @aws-sdk/core@3.973.20 > @aws-sdk/xml-builder@3.972.11 > fast-xml-parser@5.4.1; apps/bff > @aws-sdk/client-s3@3.1009.0 > @aws-sdk/credential-provider-node@3.972.21 > @aws-sdk/credential-provider-ini@3.972.20 > @aws-sdk/credential-provider-login@3.972.20 > @aws-sdk/nested-clients@3.996.10 > @aws-sdk/middleware-user-agent@3.972.21 > @aws-sdk/core@3.973.20 > @aws-sdk/xml-builder@3.972.11 > fast-xml-parser@5.4.1; apps/bff > @aws-sdk/client-s3@3.1009.0 > @aws-sdk/credential-provider-node@3.972.21 > @aws-sdk/credential-provider-ini@3.972.20 > @aws-sdk/credential-provider-login@3.972.20 > @aws-sdk/nested-clients@3.996.10 > @aws-sdk/util-user-agent-node@3.973.7 > @aws-sdk/middleware-user-agent@3.972.21 > @aws-sdk/core@3.973.20 > @aws-sdk/xml-builder@3.972.11 > fast-xml-parser@5.4.1; apps/bff > @aws-sdk/client-s3@3.1009.0 > @aws-sdk/credential-provider-node@3.972.21 > @aws-sdk/credential-provider-ini@3.972.20 > @aws-sdk/credential-provider-process@3.972.18 > @aws-sdk/core@3.973.20 > @aws-sdk/xml-builder@3.972.11 > fast-xml-parser@5.4.1; apps/bff > @aws-sdk/client-s3@3.1009.0 > @aws-sdk/credential-provider-node@3.972.21 > @aws-sdk/credential-provider-ini@3.972.20 > @aws-sdk/credential-provider-sso@3.972.20 > @aws-sdk/core@3.973.20 > @aws-sdk/xml-builder@3.972.11 > fast-xml-parser@5.4.1; apps/bff > @aws-sdk/client-s3@3.1009.0 > @aws-sdk/credential-provider-node@3.972.21 > @aws-sdk/credential-provider-ini@3.972.20 > @aws-sdk/credential-provider-sso@3.972.20 > @aws-sdk/nested-clients@3.996.10 > @aws-sdk/core@3.973.20 > @aws-sdk/xml-builder@3.972.11 > fast-xml-parser@5.4.1; apps/bff > @aws-sdk/client-s3@3.1009.0 > @aws-sdk/credential-provider-node@3.972.21 > @aws-sdk/credential-provider-ini@3.972.20 > @aws-sdk/credential-provider-sso@3.972.20 > @aws-sdk/nested-clients@3.996.10 > @aws-sdk/middleware-user-agent@3.972.21 > @aws-sdk/core@3.973.20 > @aws-sdk/xml-builder@3.972.11 > fast-xml-parser@5.4.1; apps/bff > @aws-sdk/client-s3@3.1009.0 > @aws-sdk/credential-provider-node@3.972.21 > @aws-sdk/credential-provider-ini@3.972.20 > @aws-sdk/credential-provider-sso@3.972.20 > @aws-sdk/nested-clients@3.996.10 > @aws-sdk/util-user-agent-node@3.973.7 > @aws-sdk/middleware-user-agent@3.972.21 > @aws-sdk/core@3.973.20 > @aws-sdk/xml-builder@3.972.11 > fast-xml-parser@5.4.1; apps/bff > @aws-sdk/client-s3@3.1009.0 > @aws-sdk/credential-provider-node@3.972.21 > @aws-sdk/credential-provider-ini@3.972.20 > @aws-sdk/credential-provider-sso@3.972.20 > @aws-sdk/token-providers@3.1009.0 > @aws-sdk/core@3.973.20 > @aws-sdk/xml-builder@3.972.11 > fast-xml-parser@5.4.1; apps/bff > @aws-sdk/client-s3@3.1009.0 > @aws-sdk/credential-provider-node@3.972.21 > @aws-sdk/credential-provider-ini@3.972.20 > @aws-sdk/credential-provider-sso@3.972.20 > @aws-sdk/token-providers@3.1009.0 > @aws-sdk/nested-clients@3.996.10 > @aws-sdk/core@3.973.20 > @aws-sdk/xml-builder@3.972.11 > fast-xml-parser@5.4.1; apps/bff > @aws-sdk/client-s3@3.1009.0 > @aws-sdk/credential-provider-node@3.972.21 > @aws-sdk/credential-provider-ini@3.972.20 > @aws-sdk/credential-provider-sso@3.972.20 > @aws-sdk/token-providers@3.1009.0 > @aws-sdk/nested-clients@3.996.10 > @aws-sdk/middleware-user-agent@3.972.21 > @aws-sdk/core@3.973.20 > @aws-sdk/xml-builder@3.972.11 > fast-xml-parser@5.4.1; apps/bff > @aws-sdk/client-s3@3.1009.0 > @aws-sdk/credential-provider-node@3.972.21 > @aws-sdk/credential-provider-ini@3.972.20 > @aws-sdk/credential-provider-sso@3.972.20 > @aws-sdk/token-providers@3.1009.0 > @aws-sdk/nested-clients@3.996.10 > @aws-sdk/util-user-agent-node@3.973.7 > @aws-sdk/middleware-user-agent@3.972.21 > @aws-sdk/core@3.973.20 > @aws-sdk/xml-builder@3.972.11 > fast-xml-parser@5.4.1; apps/bff > @aws-sdk/client-s3@3.1009.0 > @aws-sdk/credential-provider-node@3.972.21 > @aws-sdk/credential-provider-ini@3.972.20 > @aws-sdk/credential-provider-web-identity@3.972.20 > @aws-sdk/core@3.973.20 > @aws-sdk/xml-builder@3.972.11 > fast-xml-parser@5.4.1; apps/bff > @aws-sdk/client-s3@3.1009.0 > @aws-sdk/credential-provider-node@3.972.21 > @aws-sdk/credential-provider-ini@3.972.20 > @aws-sdk/credential-provider-web-identity@3.972.20 > @aws-sdk/nested-clients@3.996.10 > @aws-sdk/core@3.973.20 > @aws-sdk/xml-builder@3.972.11 > fast-xml-parser@5.4.1; apps/bff > @aws-sdk/client-s3@3.1009.0 > @aws-sdk/credential-provider-node@3.972.21 > @aws-sdk/credential-provider-ini@3.972.20 > @aws-sdk/credential-provider-web-identity@3.972.20 > @aws-sdk/nested-clients@3.996.10 > @aws-sdk/middleware-user-agent@3.972.21 > @aws-sdk/core@3.973.20 > @aws-sdk/xml-builder@3.972.11 > fast-xml-parser@5.4.1; apps/bff > @aws-sdk/client-s3@3.1009.0 > @aws-sdk/credential-provider-node@3.972.21 > @aws-sdk/credential-provider-ini@3.972.20 > @aws-sdk/credential-provider-web-identity@3.972.20 > @aws-sdk/nested-clients@3.996.10 > @aws-sdk/util-user-agent-node@3.973.7 > @aws-sdk/middleware-user-agent@3.972.21 > @aws-sdk/core@3.973.20 > @aws-sdk/xml-builder@3.972.11 > fast-xml-parser@5.4.1; apps/bff > @aws-sdk/client-s3@3.1009.0 > @aws-sdk/credential-provider-node@3.972.21 > @aws-sdk/credential-provider-ini@3.972.20 > @aws-sdk/nested-clients@3.996.10 > @aws-sdk/core@3.973.20 > @aws-sdk/xml-builder@3.972.11 > fast-xml-parser@5.4.1; apps/bff > @aws-sdk/client-s3@3.1009.0 > @aws-sdk/credential-provider-node@3.972.21 > @aws-sdk/credential-provider-ini@3.972.20 > @aws-sdk/nested-clients@3.996.10 > @aws-sdk/middleware-user-agent@3.972.21 > @aws-sdk/core@3.973.20 > @aws-sdk/xml-builder@3.972.11 > fast-xml-parser@5.4.1; apps/bff > @aws-sdk/client-s3@3.1009.0 > @aws-sdk/credential-provider-node@3.972.21 > @aws-sdk/credential-provider-ini@3.972.20 > @aws-sdk/nested-clients@3.996.10 > @aws-sdk/util-user-agent-node@3.973.7 > @aws-sdk/middleware-user-agent@3.972.21 > @aws-sdk/core@3.973.20 > @aws-sdk/xml-builder@3.972.11 > fast-xml-parser@5.4.1; apps/bff > @aws-sdk/client-s3@3.1009.0 > @aws-sdk/credential-provider-node@3.972.21 > @aws-sdk/credential-provider-process@3.972.18 > @aws-sdk/core@3.973.20 > @aws-sdk/xml-builder@3.972.11 > fast-xml-parser@5.4.1; apps/bff > @aws-sdk/client-s3@3.1009.0 > @aws-sdk/credential-provider-node@3.972.21 > @aws-sdk/credential-provider-sso@3.972.20 > @aws-sdk/core@3.973.20 > @aws-sdk/xml-builder@3.972.11 > fast-xml-parser@5.4.1; apps/bff > @aws-sdk/client-s3@3.1009.0 > @aws-sdk/credential-provider-node@3.972.21 > @aws-sdk/credential-provider-sso@3.972.20 > @aws-sdk/nested-clients@3.996.10 > @aws-sdk/core@3.973.20 > @aws-sdk/xml-builder@3.972.11 > fast-xml-parser@5.4.1; apps/bff > @aws-sdk/client-s3@3.1009.0 > @aws-sdk/credential-provider-node@3.972.21 > @aws-sdk/credential-provider-sso@3.972.20 > @aws-sdk/nested-clients@3.996.10 > @aws-sdk/middleware-user-agent@3.972.21 > @aws-sdk/core@3.973.20 > @aws-sdk/xml-builder@3.972.11 > fast-xml-parser@5.4.1; apps/bff > @aws-sdk/client-s3@3.1009.0 > @aws-sdk/credential-provider-node@3.972.21 > @aws-sdk/credential-provider-sso@3.972.20 > @aws-sdk/nested-clients@3.996.10 > @aws-sdk/util-user-agent-node@3.973.7 > @aws-sdk/middleware-user-agent@3.972.21 > @aws-sdk/core@3.973.20 > @aws-sdk/xml-builder@3.972.11 > fast-xml-parser@5.4.1; apps/bff > @aws-sdk/client-s3@3.1009.0 > @aws-sdk/credential-provider-node@3.972.21 > @aws-sdk/credential-provider-sso@3.972.20 > @aws-sdk/token-providers@3.1009.0 > @aws-sdk/core@3.973.20 > @aws-sdk/xml-builder@3.972.11 > fast-xml-parser@5.4.1; apps/bff > @aws-sdk/client-s3@3.1009.0 > @aws-sdk/credential-provider-node@3.972.21 > @aws-sdk/credential-provider-sso@3.972.20 > @aws-sdk/token-providers@3.1009.0 > @aws-sdk/nested-clients@3.996.10 > @aws-sdk/core@3.973.20 > @aws-sdk/xml-builder@3.972.11 > fast-xml-parser@5.4.1; apps/bff > @aws-sdk/client-s3@3.1009.0 > @aws-sdk/credential-provider-node@3.972.21 > @aws-sdk/credential-provider-sso@3.972.20 > @aws-sdk/token-providers@3.1009.0 > @aws-sdk/nested-clients@3.996.10 > @aws-sdk/middleware-user-agent@3.972.21 > @aws-sdk/core@3.973.20 > @aws-sdk/xml-builder@3.972.11 > fast-xml-parser@5.4.1; apps/bff > @aws-sdk/client-s3@3.1009.0 > @aws-sdk/credential-provider-node@3.972.21 > @aws-sdk/credential-provider-sso@3.972.20 > @aws-sdk/token-providers@3.1009.0 > @aws-sdk/nested-clients@3.996.10 > @aws-sdk/util-user-agent-node@3.973.7 > @aws-sdk/middleware-user-agent@3.972.21 > @aws-sdk/core@3.973.20 > @aws-sdk/xml-builder@3.972.11 > fast-xml-parser@5.4.1; apps/bff > @aws-sdk/client-s3@3.1009.0 > @aws-sdk/credential-provider-node@3.972.21 > @aws-sdk/credential-provider-web-identity@3.972.20 > @aws-sdk/core@3.973.20 > @aws-sdk/xml-builder@3.972.11 > fast-xml-parser@5.4.1; apps/bff > @aws-sdk/client-s3@3.1009.0 > @aws-sdk/credential-provider-node@3.972.21 > @aws-sdk/credential-provider-web-identity@3.972.20 > @aws-sdk/nested-clients@3.996.10 > @aws-sdk/core@3.973.20 > @aws-sdk/xml-builder@3.972.11 > fast-xml-parser@5.4.1; apps/bff > @aws-sdk/client-s3@3.1009.0 > @aws-sdk/credential-provider-node@3.972.21 > @aws-sdk/credential-provider-web-identity@3.972.20 > @aws-sdk/nested-clients@3.996.10 > @aws-sdk/middleware-user-agent@3.972.21 > @aws-sdk/core@3.973.20 > @aws-sdk/xml-builder@3.972.11 > fast-xml-parser@5.4.1; apps/bff > @aws-sdk/client-s3@3.1009.0 > @aws-sdk/credential-provider-node@3.972.21 > @aws-sdk/credential-provider-web-identity@3.972.20 > @aws-sdk/nested-clients@3.996.10 > @aws-sdk/util-user-agent-node@3.973.7 > @aws-sdk/middleware-user-agent@3.972.21 > @aws-sdk/core@3.973.20 > @aws-sdk/xml-builder@3.972.11 > fast-xml-parser@5.4.1; apps/bff > @aws-sdk/client-s3@3.1009.0 > @aws-sdk/middleware-flexible-checksums@3.973.6 > @aws-sdk/core@3.973.20 > @aws-sdk/xml-builder@3.972.11 > fast-xml-parser@5.4.1; apps/bff > @aws-sdk/client-s3@3.1009.0 > @aws-sdk/middleware-sdk-s3@3.972.20 > @aws-sdk/core@3.973.20 > @aws-sdk/xml-builder@3.972.11 > fast-xml-parser@5.4.1; apps/bff > @aws-sdk/client-s3@3.1009.0 > @aws-sdk/middleware-user-agent@3.972.21 > @aws-sdk/core@3.973.20 > @aws-sdk/xml-builder@3.972.11 > fast-xml-parser@5.4.1; apps/bff > @aws-sdk/client-s3@3.1009.0 > @aws-sdk/signature-v4-multi-region@3.996.8 > @aws-sdk/middleware-sdk-s3@3.972.20 > @aws-sdk/core@3.973.20 > @aws-sdk/xml-builder@3.972.11 > fast-xml-parser@5.4.1; apps/bff > @aws-sdk/client-s3@3.1009.0 > @aws-sdk/util-user-agent-node@3.973.7 > @aws-sdk/middleware-user-agent@3.972.21 > @aws-sdk/core@3.973.20 > @aws-sdk/xml-builder@3.972.11 > fast-xml-parser@5.4.1; apps/bff > @aws-sdk/s3-request-presigner@3.1009.0 > @aws-sdk/signature-v4-multi-region@3.996.8 > @aws-sdk/middleware-sdk-s3@3.972.20 > @aws-sdk/core@3.973.20 > @aws-sdk/xml-builder@3.972.11 > fast-xml-parser@5.4.1
flatted,high,flatted vulnerable to unbounded recursion DoS in parse() revive phase,3.3.3,>=3.4.0,https://github.com/advisories/GHSA-25h7-pfq9-p65f,packages/eslint-plugin-design > eslint@9.39.1 > file-entry-cache@8.0.0 > flat-cache@4.0.1 > flatted@3.3.3
flatted,high,Prototype Pollution via parse() in NodeJS flatted,3.3.3,>=3.4.2,https://github.com/advisories/GHSA-rf6f-7fwh-wjgh,packages/eslint-plugin-design > eslint@9.39.1 > file-entry-cache@8.0.0 > flat-cache@4.0.1 > flatted@3.3.3
form-data,high,form-data: CRLF injection in form-data via unescaped multipart field names and filenames,4.0.5,>=4.0.6,https://github.com/advisories/GHSA-hmw2-7cc7-3qxx,apps/bff > @nestjs/axios@3.1.3 > axios@1.13.2 > form-data@4.0.5; apps/bff > @nestjs/terminus@11.0.0 > @nestjs/axios@3.1.3 > axios@1.13.2 > form-data@4.0.5; apps/bff > @welpco/sms@link:../../packages/sms > twilio@5.13.1 > axios@1.15.2 > form-data@4.0.5; apps/bff > axios@1.13.2 > form-data@4.0.5; apps/bff > twilio@5.13.1 > axios@1.15.2 > form-data@4.0.5; packages/sms > twilio@5.13.1 > axios@1.15.2 > form-data@4.0.5
js-yaml,high,js-yaml: YAML merge-key chains can force quadratic CPU consumption,4.1.1,>=4.3.0,https://github.com/advisories/GHSA-52cp-r559-cp3m,apps/bff > @nestjs/swagger@11.2.3 > js-yaml@4.1.1; packages/eslint-plugin-design > eslint@9.39.1 > @eslint/eslintrc@3.3.3 > js-yaml@4.1.1
js-yaml,high,js-yaml: YAML merge-key chains can force quadratic CPU consumption,3.14.2,>=3.15.0,https://github.com/advisories/GHSA-52cp-r559-cp3m,apps/web > gray-matter@4.0.3 > js-yaml@3.14.2
js-yaml,high,JS-YAML: Quadratic CPU consumption in !!omap resolution (3.x and 4.x) — CVE-2026-59870 fix not backported,3.14.2,>=3.15.1,https://github.com/advisories/GHSA-5p4m-2wfm-xmqj,apps/web > gray-matter@4.0.3 > js-yaml@3.14.2
js-yaml,high,JS-YAML: Quadratic CPU consumption in !!omap resolution (3.x and 4.x) — CVE-2026-59870 fix not backported,4.1.1,>=4.3.1,https://github.com/advisories/GHSA-5p4m-2wfm-xmqj,apps/bff > @nestjs/swagger@11.2.3 > js-yaml@4.1.1; packages/eslint-plugin-design > eslint@9.39.1 > @eslint/eslintrc@3.3.3 > js-yaml@4.1.1
jws,high,auth0/node-jws Improperly Verifies HMAC Signature,3.2.2,>=3.2.3,https://github.com/advisories/GHSA-869p-cjfg-cm3x,apps/bff > @nestjs/jwt@11.0.1 > jsonwebtoken@9.0.2 > jws@3.2.2
lodash,high,lodash vulnerable to Code Injection via `_.template` imports key names,4.17.21,>=4.18.0,https://github.com/advisories/GHSA-r5fr-rjxr-66jc,apps/bff > @nestjs/config@4.0.2 > lodash@4.17.21; apps/bff > @nestjs/swagger@11.2.3 > lodash@4.17.21; apps/bff > @welpco/database@link:../../packages/database > @nestjs/config@4.0.2 > lodash@4.17.21; packages/database > @nestjs/config@4.0.2 > lodash@4.17.21
minimatch,high,minimatch has a ReDoS via repeated wildcards with non-matching literal in pattern,3.1.2,>=3.1.3,https://github.com/advisories/GHSA-3ppc-4f35-3m26,packages/eslint-plugin-design > eslint@9.39.1 > @eslint/config-array@0.21.1 > minimatch@3.1.2; packages/eslint-plugin-design > eslint@9.39.1 > @eslint/eslintrc@3.3.3 > minimatch@3.1.2; packages/eslint-plugin-design > eslint@9.39.1 > minimatch@3.1.2
minimatch,high,minimatch has a ReDoS via repeated wildcards with non-matching literal in pattern,9.0.5,>=9.0.6,https://github.com/advisories/GHSA-3ppc-4f35-3m26,apps/bff > @nestjs/terminus@11.0.0 > @nestjs/typeorm@11.0.0 > typeorm@0.3.28 > glob@10.5.0 > minimatch@9.0.5; apps/bff > @nestjs/terminus@11.0.0 > typeorm@0.3.28 > glob@10.5.0 > minimatch@9.0.5; apps/bff > @nestjs/typeorm@11.0.0 > typeorm@0.3.28 > glob@10.5.0 > minimatch@9.0.5; apps/bff > @welpco/database@link:../../packages/database > @nestjs/typeorm@11.0.0 > typeorm@0.3.28 > glob@10.5.0 > minimatch@9.0.5; apps/bff > @welpco/database@link:../../packages/database > typeorm@0.3.28 > glob@10.5.0 > minimatch@9.0.5; apps/bff > typeorm@0.3.28 > glob@10.5.0 > minimatch@9.0.5; packages/database > @nestjs/typeorm@11.0.0 > typeorm@0.3.28 > glob@10.5.0 > minimatch@9.0.5; packages/database > typeorm@0.3.28 > glob@10.5.0 > minimatch@9.0.5
minimatch,high,minimatch has ReDoS: matchOne() combinatorial backtracking via multiple non-adjacent GLOBSTAR segments,3.1.2,>=3.1.3,https://github.com/advisories/GHSA-7r86-cg39-jmmj,packages/eslint-plugin-design > eslint@9.39.1 > @eslint/config-array@0.21.1 > minimatch@3.1.2; packages/eslint-plugin-design > eslint@9.39.1 > @eslint/eslintrc@3.3.3 > minimatch@3.1.2; packages/eslint-plugin-design > eslint@9.39.1 > minimatch@3.1.2
minimatch,high,minimatch has ReDoS: matchOne() combinatorial backtracking via multiple non-adjacent GLOBSTAR segments,9.0.5,>=9.0.7,https://github.com/advisories/GHSA-7r86-cg39-jmmj,apps/bff > @nestjs/terminus@11.0.0 > @nestjs/typeorm@11.0.0 > typeorm@0.3.28 > glob@10.5.0 > minimatch@9.0.5; apps/bff > @nestjs/terminus@11.0.0 > typeorm@0.3.28 > glob@10.5.0 > minimatch@9.0.5; apps/bff > @nestjs/typeorm@11.0.0 > typeorm@0.3.28 > glob@10.5.0 > minimatch@9.0.5; apps/bff > @welpco/database@link:../../packages/database > @nestjs/typeorm@11.0.0 > typeorm@0.3.28 > glob@10.5.0 > minimatch@9.0.5; apps/bff > @welpco/database@link:../../packages/database > typeorm@0.3.28 > glob@10.5.0 > minimatch@9.0.5; apps/bff > typeorm@0.3.28 > glob@10.5.0 > minimatch@9.0.5; packages/database > @nestjs/typeorm@11.0.0 > typeorm@0.3.28 > glob@10.5.0 > minimatch@9.0.5; packages/database > typeorm@0.3.28 > glob@10.5.0 > minimatch@9.0.5
minimatch,high,minimatch ReDoS: nested *() extglobs generate catastrophically backtracking regular expressions,3.1.2,>=3.1.4,https://github.com/advisories/GHSA-23c5-xmqv-rm74,packages/eslint-plugin-design > eslint@9.39.1 > @eslint/config-array@0.21.1 > minimatch@3.1.2; packages/eslint-plugin-design > eslint@9.39.1 > @eslint/eslintrc@3.3.3 > minimatch@3.1.2; packages/eslint-plugin-design > eslint@9.39.1 > minimatch@3.1.2
minimatch,high,minimatch ReDoS: nested *() extglobs generate catastrophically backtracking regular expressions,9.0.5,>=9.0.7,https://github.com/advisories/GHSA-23c5-xmqv-rm74,apps/bff > @nestjs/terminus@11.0.0 > @nestjs/typeorm@11.0.0 > typeorm@0.3.28 > glob@10.5.0 > minimatch@9.0.5; apps/bff > @nestjs/terminus@11.0.0 > typeorm@0.3.28 > glob@10.5.0 > minimatch@9.0.5; apps/bff > @nestjs/typeorm@11.0.0 > typeorm@0.3.28 > glob@10.5.0 > minimatch@9.0.5; apps/bff > @welpco/database@link:../../packages/database > @nestjs/typeorm@11.0.0 > typeorm@0.3.28 > glob@10.5.0 > minimatch@9.0.5; apps/bff > @welpco/database@link:../../packages/database > typeorm@0.3.28 > glob@10.5.0 > minimatch@9.0.5; apps/bff > typeorm@0.3.28 > glob@10.5.0 > minimatch@9.0.5; packages/database > @nestjs/typeorm@11.0.0 > typeorm@0.3.28 > glob@10.5.0 > minimatch@9.0.5; packages/database > typeorm@0.3.28 > glob@10.5.0 > minimatch@9.0.5
multer,high,Multer vulnerable to Denial of Service via incomplete cleanup,2.0.2,>=2.1.0,https://github.com/advisories/GHSA-xf7r-hgr6-v32p,apps/bff > @nestjs/cache-manager@3.1.0 > @nestjs/core@11.1.9 > @nestjs/platform-express@11.1.9 > multer@2.0.2; apps/bff > @nestjs/core@11.1.9 > @nestjs/platform-express@11.1.9 > multer@2.0.2; apps/bff > @nestjs/platform-express@11.1.9 > multer@2.0.2; apps/bff > @nestjs/schedule@5.0.1 > @nestjs/core@11.1.9 > @nestjs/platform-express@11.1.9 > multer@2.0.2; apps/bff > @nestjs/swagger@11.2.3 > @nestjs/core@11.1.9 > @nestjs/platform-express@11.1.9 > multer@2.0.2; apps/bff > @nestjs/terminus@11.0.0 > @nestjs/core@11.1.9 > @nestjs/platform-express@11.1.9 > multer@2.0.2; apps/bff > @nestjs/terminus@11.0.0 > @nestjs/typeorm@11.0.0 > @nestjs/core@11.1.9 > @nestjs/platform-express@11.1.9 > multer@2.0.2; apps/bff > @nestjs/typeorm@11.0.0 > @nestjs/core@11.1.9 > @nestjs/platform-express@11.1.9 > multer@2.0.2; apps/bff > @welpco/database@link:../../packages/database > @nestjs/typeorm@11.0.0 > @nestjs/core@11.1.9 > @nestjs/platform-express@11.1.9 > multer@2.0.2; packages/database > @nestjs/typeorm@11.0.0 > @nestjs/core@11.1.9 > @nestjs/platform-express@11.1.9 > multer@2.0.2
multer,high,Multer vulnerable to Denial of Service via resource exhaustion,2.0.2,>=2.1.0,https://github.com/advisories/GHSA-v52c-386h-88mc,apps/bff > @nestjs/cache-manager@3.1.0 > @nestjs/core@11.1.9 > @nestjs/platform-express@11.1.9 > multer@2.0.2; apps/bff > @nestjs/core@11.1.9 > @nestjs/platform-express@11.1.9 > multer@2.0.2; apps/bff > @nestjs/platform-express@11.1.9 > multer@2.0.2; apps/bff > @nestjs/schedule@5.0.1 > @nestjs/core@11.1.9 > @nestjs/platform-express@11.1.9 > multer@2.0.2; apps/bff > @nestjs/swagger@11.2.3 > @nestjs/core@11.1.9 > @nestjs/platform-express@11.1.9 > multer@2.0.2; apps/bff > @nestjs/terminus@11.0.0 > @nestjs/core@11.1.9 > @nestjs/platform-express@11.1.9 > multer@2.0.2; apps/bff > @nestjs/terminus@11.0.0 > @nestjs/typeorm@11.0.0 > @nestjs/core@11.1.9 > @nestjs/platform-express@11.1.9 > multer@2.0.2; apps/bff > @nestjs/typeorm@11.0.0 > @nestjs/core@11.1.9 > @nestjs/platform-express@11.1.9 > multer@2.0.2; apps/bff > @welpco/database@link:../../packages/database > @nestjs/typeorm@11.0.0 > @nestjs/core@11.1.9 > @nestjs/platform-express@11.1.9 > multer@2.0.2; packages/database > @nestjs/typeorm@11.0.0 > @nestjs/core@11.1.9 > @nestjs/platform-express@11.1.9 > multer@2.0.2
multer,high,Multer Vulnerable to Denial of Service via Uncontrolled Recursion,2.0.2,>=2.1.1,https://github.com/advisories/GHSA-5528-5vmv-3xc2,apps/bff > @nestjs/cache-manager@3.1.0 > @nestjs/core@11.1.9 > @nestjs/platform-express@11.1.9 > multer@2.0.2; apps/bff > @nestjs/core@11.1.9 > @nestjs/platform-express@11.1.9 > multer@2.0.2; apps/bff > @nestjs/platform-express@11.1.9 > multer@2.0.2; apps/bff > @nestjs/schedule@5.0.1 > @nestjs/core@11.1.9 > @nestjs/platform-express@11.1.9 > multer@2.0.2; apps/bff > @nestjs/swagger@11.2.3 > @nestjs/core@11.1.9 > @nestjs/platform-express@11.1.9 > multer@2.0.2; apps/bff > @nestjs/terminus@11.0.0 > @nestjs/core@11.1.9 > @nestjs/platform-express@11.1.9 > multer@2.0.2; apps/bff > @nestjs/terminus@11.0.0 > @nestjs/typeorm@11.0.0 > @nestjs/core@11.1.9 > @nestjs/platform-express@11.1.9 > multer@2.0.2; apps/bff > @nestjs/typeorm@11.0.0 > @nestjs/core@11.1.9 > @nestjs/platform-express@11.1.9 > multer@2.0.2; apps/bff > @welpco/database@link:../../packages/database > @nestjs/typeorm@11.0.0 > @nestjs/core@11.1.9 > @nestjs/platform-express@11.1.9 > multer@2.0.2; packages/database > @nestjs/typeorm@11.0.0 > @nestjs/core@11.1.9 > @nestjs/platform-express@11.1.9 > multer@2.0.2
multer,high,Multer vulnerable to Denial of Service via deeply nested field names,2.0.2,>=2.2.0,https://github.com/advisories/GHSA-72gw-mp4g-v24j,apps/bff > @nestjs/cache-manager@3.1.0 > @nestjs/core@11.1.9 > @nestjs/platform-express@11.1.9 > multer@2.0.2; apps/bff > @nestjs/core@11.1.9 > @nestjs/platform-express@11.1.9 > multer@2.0.2; apps/bff > @nestjs/platform-express@11.1.9 > multer@2.0.2; apps/bff > @nestjs/schedule@5.0.1 > @nestjs/core@11.1.9 > @nestjs/platform-express@11.1.9 > multer@2.0.2; apps/bff > @nestjs/swagger@11.2.3 > @nestjs/core@11.1.9 > @nestjs/platform-express@11.1.9 > multer@2.0.2; apps/bff > @nestjs/terminus@11.0.0 > @nestjs/core@11.1.9 > @nestjs/platform-express@11.1.9 > multer@2.0.2; apps/bff > @nestjs/terminus@11.0.0 > @nestjs/typeorm@11.0.0 > @nestjs/core@11.1.9 > @nestjs/platform-express@11.1.9 > multer@2.0.2; apps/bff > @nestjs/typeorm@11.0.0 > @nestjs/core@11.1.9 > @nestjs/platform-express@11.1.9 > multer@2.0.2; apps/bff > @welpco/database@link:../../packages/database > @nestjs/typeorm@11.0.0 > @nestjs/core@11.1.9 > @nestjs/platform-express@11.1.9 > multer@2.0.2; packages/database > @nestjs/typeorm@11.0.0 > @nestjs/core@11.1.9 > @nestjs/platform-express@11.1.9 > multer@2.0.2
next-auth,high,Auth.js: getToken() throws an uncaught exception on malformed Bearer authorization headers,5.0.0-beta.30,>=5.0.0-beta.32,https://github.com/advisories/GHSA-xmf8-cvqr-rfgj,apps/admin > next-auth@5.0.0-beta.30; apps/web > next-auth@5.0.0-beta.30
nodemailer,high,"Nodemailer: Message-level raw option bypasses disableFileAccess/disableUrlAccess, enabling arbitrary file read and full-response SSRF in the delivered message",7.0.12,>=9.0.1,https://github.com/advisories/GHSA-p6gq-j5cr-w38f,apps/bff > @welpco/email@link:../../packages/email > nodemailer@7.0.12; apps/bff > nodemailer@7.0.12; apps/web > @welpco/email@link:../../packages/email > nodemailer@7.0.12; packages/email > nodemailer@7.0.12
path-to-regexp,high,path-to-regexp vulnerable to Denial of Service via sequential optional groups,8.3.0,>=8.4.0,https://github.com/advisories/GHSA-j3q9-mxjg-w52f,apps/bff > @nestjs/cache-manager@3.1.0 > @nestjs/core@11.1.9 > path-to-regexp@8.3.0; apps/bff > @nestjs/cache-manager@3.1.0 > @nestjs/core@11.1.9 > @nestjs/platform-express@11.1.9 > express@5.1.0 > router@2.2.0 > path-to-regexp@8.3.0; apps/bff > @nestjs/cache-manager@3.1.0 > @nestjs/core@11.1.9 > @nestjs/platform-express@11.1.9 > path-to-regexp@8.3.0; apps/bff > @nestjs/core@11.1.9 > path-to-regexp@8.3.0; apps/bff > @nestjs/core@11.1.9 > @nestjs/platform-express@11.1.9 > express@5.1.0 > router@2.2.0 > path-to-regexp@8.3.0; apps/bff > @nestjs/core@11.1.9 > @nestjs/platform-express@11.1.9 > path-to-regexp@8.3.0; apps/bff > @nestjs/platform-express@11.1.9 > @nestjs/core@11.1.9 > path-to-regexp@8.3.0; apps/bff > @nestjs/platform-express@11.1.9 > express@5.1.0 > router@2.2.0 > path-to-regexp@8.3.0; apps/bff > @nestjs/platform-express@11.1.9 > path-to-regexp@8.3.0; apps/bff > @nestjs/schedule@5.0.1 > @nestjs/core@11.1.9 > path-to-regexp@8.3.0; apps/bff > @nestjs/schedule@5.0.1 > @nestjs/core@11.1.9 > @nestjs/platform-express@11.1.9 > express@5.1.0 > router@2.2.0 > path-to-regexp@8.3.0; apps/bff > @nestjs/schedule@5.0.1 > @nestjs/core@11.1.9 > @nestjs/platform-express@11.1.9 > path-to-regexp@8.3.0; apps/bff > @nestjs/swagger@11.2.3 > @nestjs/core@11.1.9 > path-to-regexp@8.3.0; apps/bff > @nestjs/swagger@11.2.3 > @nestjs/core@11.1.9 > @nestjs/platform-express@11.1.9 > express@5.1.0 > router@2.2.0 > path-to-regexp@8.3.0; apps/bff > @nestjs/swagger@11.2.3 > @nestjs/core@11.1.9 > @nestjs/platform-express@11.1.9 > path-to-regexp@8.3.0; apps/bff > @nestjs/swagger@11.2.3 > path-to-regexp@8.3.0; apps/bff > @nestjs/terminus@11.0.0 > @nestjs/core@11.1.9 > path-to-regexp@8.3.0; apps/bff > @nestjs/terminus@11.0.0 > @nestjs/core@11.1.9 > @nestjs/platform-express@11.1.9 > express@5.1.0 > router@2.2.0 > path-to-regexp@8.3.0; apps/bff > @nestjs/terminus@11.0.0 > @nestjs/core@11.1.9 > @nestjs/platform-express@11.1.9 > path-to-regexp@8.3.0; apps/bff > @nestjs/terminus@11.0.0 > @nestjs/typeorm@11.0.0 > @nestjs/core@11.1.9 > path-to-regexp@8.3.0; apps/bff > @nestjs/terminus@11.0.0 > @nestjs/typeorm@11.0.0 > @nestjs/core@11.1.9 > @nestjs/platform-express@11.1.9 > express@5.1.0 > router@2.2.0 > path-to-regexp@8.3.0; apps/bff > @nestjs/terminus@11.0.0 > @nestjs/typeorm@11.0.0 > @nestjs/core@11.1.9 > @nestjs/platform-express@11.1.9 > path-to-regexp@8.3.0; apps/bff > @nestjs/typeorm@11.0.0 > @nestjs/core@11.1.9 > path-to-regexp@8.3.0; apps/bff > @nestjs/typeorm@11.0.0 > @nestjs/core@11.1.9 > @nestjs/platform-express@11.1.9 > express@5.1.0 > router@2.2.0 > path-to-regexp@8.3.0; apps/bff > @nestjs/typeorm@11.0.0 > @nestjs/core@11.1.9 > @nestjs/platform-express@11.1.9 > path-to-regexp@8.3.0; apps/bff > @welpco/database@link:../../packages/database > @nestjs/typeorm@11.0.0 > @nestjs/core@11.1.9 > path-to-regexp@8.3.0; apps/bff > @welpco/database@link:../../packages/database > @nestjs/typeorm@11.0.0 > @nestjs/core@11.1.9 > @nestjs/platform-express@11.1.9 > express@5.1.0 > router@2.2.0 > path-to-regexp@8.3.0; apps/bff > @welpco/database@link:../../packages/database > @nestjs/typeorm@11.0.0 > @nestjs/core@11.1.9 > @nestjs/platform-express@11.1.9 > path-to-regexp@8.3.0; apps/bff > express@5.1.0 > router@2.2.0 > path-to-regexp@8.3.0; packages/database > @nestjs/typeorm@11.0.0 > @nestjs/core@11.1.9 > path-to-regexp@8.3.0; packages/database > @nestjs/typeorm@11.0.0 > @nestjs/core@11.1.9 > @nestjs/platform-express@11.1.9 > express@5.1.0 > router@2.2.0 > path-to-regexp@8.3.0; packages/database > @nestjs/typeorm@11.0.0 > @nestjs/core@11.1.9 > @nestjs/platform-express@11.1.9 > path-to-regexp@8.3.0
picomatch,high,Picomatch has a ReDoS vulnerability via extglob quantifiers,4.0.3,>=4.0.4,https://github.com/advisories/GHSA-c2c7-rcm5-vvqj,apps/web > next-intl@4.13.0 > @parcel/watcher@2.5.6 > picomatch@4.0.3
@auth/core,moderate,"Auth.js: OAuth state, nonce, and PKCE check cookies are not bound to the provider that created them",0.41.0,>=0.41.3,https://github.com/advisories/GHSA-x445-f3h2-j279,apps/admin > next-auth@5.0.0-beta.30 > @auth/core@0.41.0; apps/web > next-auth@5.0.0-beta.30 > @auth/core@0.41.0
@humanfs/node,moderate,humanfs: Recursive copy follows symlinked files and copies data from outside the source tree,0.16.7,>=0.16.8,https://github.com/advisories/GHSA-p498-v437-472g,packages/eslint-plugin-design > eslint@9.39.1 > @humanfs/node@0.16.7
@nestjs/core,moderate,@nestjs/core Improperly Neutralizes Special Elements in Output Used by a Downstream Component ('Injection'),11.1.9,>=11.1.18,https://github.com/advisories/GHSA-36xv-jgw5-4q75,apps/bff > @nestjs/cache-manager@3.1.0 > @nestjs/core@11.1.9 > @nestjs/microservices@11.1.11 > @nestjs/core@11.1.9; apps/bff > @nestjs/cache-manager@3.1.0 > @nestjs/core@11.1.9 > @nestjs/platform-express@11.1.9 > @nestjs/core@11.1.9; apps/bff > @nestjs/core@11.1.9 > @nestjs/microservices@11.1.11 > @nestjs/core@11.1.9; apps/bff > @nestjs/core@11.1.9 > @nestjs/platform-express@11.1.9 > @nestjs/core@11.1.9; apps/bff > @nestjs/platform-express@11.1.9 > @nestjs/core@11.1.9 > @nestjs/microservices@11.1.11 > @nestjs/core@11.1.9; apps/bff > @nestjs/schedule@5.0.1 > @nestjs/core@11.1.9 > @nestjs/microservices@11.1.11 > @nestjs/core@11.1.9; apps/bff > @nestjs/schedule@5.0.1 > @nestjs/core@11.1.9 > @nestjs/platform-express@11.1.9 > @nestjs/core@11.1.9; apps/bff > @nestjs/swagger@11.2.3 > @nestjs/core@11.1.9 > @nestjs/microservices@11.1.11 > @nestjs/core@11.1.9; apps/bff > @nestjs/swagger@11.2.3 > @nestjs/core@11.1.9 > @nestjs/platform-express@11.1.9 > @nestjs/core@11.1.9; apps/bff > @nestjs/terminus@11.0.0 > @nestjs/core@11.1.9 > @nestjs/microservices@11.1.11 > @nestjs/core@11.1.9; apps/bff > @nestjs/terminus@11.0.0 > @nestjs/core@11.1.9 > @nestjs/platform-express@11.1.9 > @nestjs/core@11.1.9; apps/bff > @nestjs/terminus@11.0.0 > @nestjs/microservices@11.1.11 > @nestjs/core@11.1.9 > @nestjs/platform-express@11.1.9 > @nestjs/core@11.1.9; apps/bff > @nestjs/terminus@11.0.0 > @nestjs/typeorm@11.0.0 > @nestjs/core@11.1.9 > @nestjs/microservices@11.1.11 > @nestjs/core@11.1.9; apps/bff > @nestjs/terminus@11.0.0 > @nestjs/typeorm@11.0.0 > @nestjs/core@11.1.9 > @nestjs/platform-express@11.1.9 > @nestjs/core@11.1.9; apps/bff > @nestjs/typeorm@11.0.0 > @nestjs/core@11.1.9 > @nestjs/microservices@11.1.11 > @nestjs/core@11.1.9; apps/bff > @nestjs/typeorm@11.0.0 > @nestjs/core@11.1.9 > @nestjs/platform-express@11.1.9 > @nestjs/core@11.1.9; apps/bff > @welpco/database@link:../../packages/database > @nestjs/typeorm@11.0.0 > @nestjs/core@11.1.9 > @nestjs/microservices@11.1.11 > @nestjs/core@11.1.9; apps/bff > @welpco/database@link:../../packages/database > @nestjs/typeorm@11.0.0 > @nestjs/core@11.1.9 > @nestjs/platform-express@11.1.9 > @nestjs/core@11.1.9; packages/database > @nestjs/typeorm@11.0.0 > @nestjs/core@11.1.9 > @nestjs/microservices@11.1.11 > @nestjs/core@11.1.9; packages/database > @nestjs/typeorm@11.0.0 > @nestjs/core@11.1.9 > @nestjs/platform-express@11.1.9 > @nestjs/core@11.1.9
ajv,moderate,ajv has ReDoS when using `$data` option,6.12.6,>=6.14.0,https://github.com/advisories/GHSA-2g4f-4pwh-qvx6,packages/eslint-plugin-design > eslint@9.39.1 > @eslint/eslintrc@3.3.3 > ajv@6.12.6; packages/eslint-plugin-design > eslint@9.39.1 > ajv@6.12.6
axios,moderate,Axios has a NO_PROXY Hostname Normalization Bypass that Leads to SSRF,1.13.2,>=1.15.0,https://github.com/advisories/GHSA-3p68-rc4w-qgx5,apps/bff > @nestjs/axios@3.1.3 > axios@1.13.2; apps/bff > @nestjs/terminus@11.0.0 > @nestjs/axios@3.1.3 > axios@1.13.2; apps/bff > axios@1.13.2
axios,moderate,Axios: Authentication Bypass via Prototype Pollution Gadget in `validateStatus` Merge Strategy,1.13.2,>=1.15.1,https://github.com/advisories/GHSA-w9j2-pvgh-6h63,apps/bff > @nestjs/axios@3.1.3 > axios@1.13.2; apps/bff > @nestjs/terminus@11.0.0 > @nestjs/axios@3.1.3 > axios@1.13.2; apps/bff > axios@1.13.2
axios,moderate,Axios: Invisible JSON Response Tampering via Prototype Pollution Gadget in `parseReviver`,1.13.2,>=1.15.2,https://github.com/advisories/GHSA-3w6x-2g7m-8v23,apps/bff > @nestjs/axios@3.1.3 > axios@1.13.2; apps/bff > @nestjs/terminus@11.0.0 > @nestjs/axios@3.1.3 > axios@1.13.2; apps/bff > axios@1.13.2
axios,moderate,Axios: CRLF Injection in multipart/form-data body via unsanitized blob.type in formDataToStream,1.13.2,>=1.15.1,https://github.com/advisories/GHSA-445q-vr5w-6q77,apps/bff > @nestjs/axios@3.1.3 > axios@1.13.2; apps/bff > @nestjs/terminus@11.0.0 > @nestjs/axios@3.1.3 > axios@1.13.2; apps/bff > axios@1.13.2
axios,moderate,Axios: no_proxy bypass via IP alias allows SSRF,1.13.2,>=1.15.1,https://github.com/advisories/GHSA-m7pr-hjqh-92cm,apps/bff > @nestjs/axios@3.1.3 > axios@1.13.2; apps/bff > @nestjs/terminus@11.0.0 > @nestjs/axios@3.1.3 > axios@1.13.2; apps/bff > axios@1.13.2
axios,moderate,Axios' HTTP adapter-streamed uploads bypass maxBodyLength when maxRedirects: 0,1.13.2,>=1.15.1,https://github.com/advisories/GHSA-5c9x-8gcm-mpgx,apps/bff > @nestjs/axios@3.1.3 > axios@1.13.2; apps/bff > @nestjs/terminus@11.0.0 > @nestjs/axios@3.1.3 > axios@1.13.2; apps/bff > axios@1.13.2
axios,moderate,Axios: HTTP adapter streamed responses bypass maxContentLength,1.13.2,>=1.15.1,https://github.com/advisories/GHSA-vf2m-468p-8v99,apps/bff > @nestjs/axios@3.1.3 > axios@1.13.2; apps/bff > @nestjs/terminus@11.0.0 > @nestjs/axios@3.1.3 > axios@1.13.2; apps/bff > axios@1.13.2
axios,moderate,Axios: XSRF Token Cross-Origin Leakage via Prototype Pollution Gadget in `withXSRFToken` Boolean Coercion,1.13.2,>=1.15.1,https://github.com/advisories/GHSA-xx6v-rp6x-q39c,apps/bff > @nestjs/axios@3.1.3 > axios@1.13.2; apps/bff > @nestjs/terminus@11.0.0 > @nestjs/axios@3.1.3 > axios@1.13.2; apps/bff > axios@1.13.2
axios,moderate,Axios has Unrestricted Cloud Metadata Exfiltration via Header Injection Chain,1.13.2,>=1.15.0,https://github.com/advisories/GHSA-fvcv-3m26-pcqx,apps/bff > @nestjs/axios@3.1.3 > axios@1.13.2; apps/bff > @nestjs/terminus@11.0.0 > @nestjs/axios@3.1.3 > axios@1.13.2; apps/bff > axios@1.13.2
axios,moderate,Axios: unbounded recursion in toFormData causes DoS via deeply nested request data,1.13.2,>=1.15.1,https://github.com/advisories/GHSA-62hf-57xw-28j9,apps/bff > @nestjs/axios@3.1.3 > axios@1.13.2; apps/bff > @nestjs/terminus@11.0.0 > @nestjs/axios@3.1.3 > axios@1.13.2; apps/bff > axios@1.13.2
axios,moderate,axios has DoS & Header Injection via Prototype Pollution Read-Side Gadgets in axios merge functions,1.13.2; 1.15.2,>=1.16.0,https://github.com/advisories/GHSA-898c-q2cr-xwhg,apps/bff > @nestjs/axios@3.1.3 > axios@1.13.2; apps/bff > @nestjs/terminus@11.0.0 > @nestjs/axios@3.1.3 > axios@1.13.2; apps/bff > axios@1.13.2; apps/bff > @welpco/sms@link:../../packages/sms > twilio@5.13.1 > axios@1.15.2; apps/bff > twilio@5.13.1 > axios@1.15.2; packages/sms > twilio@5.13.1 > axios@1.15.2
axios,moderate,Axios form serializer maxDepth bypass via {} metatoken,1.15.2,>=1.18.0,https://github.com/advisories/GHSA-hcpx-6fm6-wx23,apps/bff > @welpco/sms@link:../../packages/sms > twilio@5.13.1 > axios@1.15.2; apps/bff > twilio@5.13.1 > axios@1.15.2; packages/sms > twilio@5.13.1 > axios@1.15.2
axios,moderate,Axios: Prototype pollution auth subfields can inject Basic auth,1.15.2,>=1.18.0,https://github.com/advisories/GHSA-xj6q-8x83-jv6g,apps/bff > @welpco/sms@link:../../packages/sms > twilio@5.13.1 > axios@1.15.2; apps/bff > twilio@5.13.1 > axios@1.15.2; packages/sms > twilio@5.13.1 > axios@1.15.2
axios,moderate,Axios: Prototype pollution gadgets can alter axios request construction,1.13.2; 1.15.2,>=1.18.0,https://github.com/advisories/GHSA-mmx7-hfxf-jppx,apps/bff > @nestjs/axios@3.1.3 > axios@1.13.2; apps/bff > @nestjs/terminus@11.0.0 > @nestjs/axios@3.1.3 > axios@1.13.2; apps/bff > axios@1.13.2; apps/bff > @welpco/sms@link:../../packages/sms > twilio@5.13.1 > axios@1.15.2; apps/bff > twilio@5.13.1 > axios@1.15.2; packages/sms > twilio@5.13.1 > axios@1.15.2
axios,moderate,Axios: Deep formToJSON Key Recursion Can Cause Denial of Service,1.13.2; 1.15.2,>=1.18.0,https://github.com/advisories/GHSA-pmv8-rq9r-6j72,apps/bff > @nestjs/axios@3.1.3 > axios@1.13.2; apps/bff > @nestjs/terminus@11.0.0 > @nestjs/axios@3.1.3 > axios@1.13.2; apps/bff > axios@1.13.2; apps/bff > @welpco/sms@link:../../packages/sms > twilio@5.13.1 > axios@1.15.2; apps/bff > twilio@5.13.1 > axios@1.15.2; packages/sms > twilio@5.13.1 > axios@1.15.2
axios,moderate,Axios: HTTP/2 streamed uploads bypass `maxBodyLength`,1.13.2; 1.15.2,>=1.18.0,https://github.com/advisories/GHSA-mwf2-3pr3-8698,apps/bff > @nestjs/axios@3.1.3 > axios@1.13.2; apps/bff > @nestjs/terminus@11.0.0 > @nestjs/axios@3.1.3 > axios@1.13.2; apps/bff > axios@1.13.2; apps/bff > @welpco/sms@link:../../packages/sms > twilio@5.13.1 > axios@1.15.2; apps/bff > twilio@5.13.1 > axios@1.15.2; packages/sms > twilio@5.13.1 > axios@1.15.2
axios,moderate,Axios: Nested axios option objects can consume polluted prototype values,1.13.2; 1.15.2,>=1.18.0,https://github.com/advisories/GHSA-7q8q-rj6j-mhjq,apps/bff > @nestjs/axios@3.1.3 > axios@1.13.2; apps/bff > @nestjs/terminus@11.0.0 > @nestjs/axios@3.1.3 > axios@1.13.2; apps/bff > axios@1.13.2; apps/bff > @welpco/sms@link:../../packages/sms > twilio@5.13.1 > axios@1.15.2; apps/bff > twilio@5.13.1 > axios@1.15.2; packages/sms > twilio@5.13.1 > axios@1.15.2
axios,moderate,Axios: Fetch adapter `ReadableStream` uploads bypass `maxBodyLength`,1.13.2; 1.15.2,>=1.18.0,https://github.com/advisories/GHSA-jqh4-m9w3-8hp9,apps/bff > @nestjs/axios@3.1.3 > axios@1.13.2; apps/bff > @nestjs/terminus@11.0.0 > @nestjs/axios@3.1.3 > axios@1.13.2; apps/bff > axios@1.13.2; apps/bff > @welpco/sms@link:../../packages/sms > twilio@5.13.1 > axios@1.15.2; apps/bff > twilio@5.13.1 > axios@1.15.2; packages/sms > twilio@5.13.1 > axios@1.15.2
axios,moderate,Axios: NO_PROXY bypass for 0.0.0.0 local addresses in axios,1.15.2,>=1.18.0,https://github.com/advisories/GHSA-f4gw-2p7v-4548,apps/bff > @welpco/sms@link:../../packages/sms > twilio@5.13.1 > axios@1.15.2; apps/bff > twilio@5.13.1 > axios@1.15.2; packages/sms > twilio@5.13.1 > axios@1.15.2
axios,moderate,Axios: Excessive recursion in formDataToJSON can cause denial of service,1.13.2; 1.15.2,>=1.18.0,https://github.com/advisories/GHSA-42h9-826w-cgv3,apps/bff > @nestjs/axios@3.1.3 > axios@1.13.2; apps/bff > @nestjs/terminus@11.0.0 > @nestjs/axios@3.1.3 > axios@1.13.2; apps/bff > axios@1.13.2; apps/bff > @welpco/sms@link:../../packages/sms > twilio@5.13.1 > axios@1.15.2; apps/bff > twilio@5.13.1 > axios@1.15.2; packages/sms > twilio@5.13.1 > axios@1.15.2
brace-expansion,moderate,brace-expansion: Zero-step sequence causes process hang and memory exhaustion,1.1.12,>=1.1.13,https://github.com/advisories/GHSA-f886-m6hf-6m8v,packages/eslint-plugin-design > eslint@9.39.1 > @eslint/config-array@0.21.1 > minimatch@3.1.2 > brace-expansion@1.1.12; packages/eslint-plugin-design > eslint@9.39.1 > @eslint/eslintrc@3.3.3 > minimatch@3.1.2 > brace-expansion@1.1.12; packages/eslint-plugin-design > eslint@9.39.1 > minimatch@3.1.2 > brace-expansion@1.1.12
brace-expansion,moderate,brace-expansion: Zero-step sequence causes process hang and memory exhaustion,2.0.2,>=2.0.3,https://github.com/advisories/GHSA-f886-m6hf-6m8v,apps/bff > @nestjs/terminus@11.0.0 > @nestjs/typeorm@11.0.0 > typeorm@0.3.28 > glob@10.5.0 > minimatch@9.0.5 > brace-expansion@2.0.2; apps/bff > @nestjs/terminus@11.0.0 > typeorm@0.3.28 > glob@10.5.0 > minimatch@9.0.5 > brace-expansion@2.0.2; apps/bff > @nestjs/typeorm@11.0.0 > typeorm@0.3.28 > glob@10.5.0 > minimatch@9.0.5 > brace-expansion@2.0.2; apps/bff > @welpco/database@link:../../packages/database > @nestjs/typeorm@11.0.0 > typeorm@0.3.28 > glob@10.5.0 > minimatch@9.0.5 > brace-expansion@2.0.2; apps/bff > @welpco/database@link:../../packages/database > typeorm@0.3.28 > glob@10.5.0 > minimatch@9.0.5 > brace-expansion@2.0.2; apps/bff > typeorm@0.3.28 > glob@10.5.0 > minimatch@9.0.5 > brace-expansion@2.0.2; packages/database > @nestjs/typeorm@11.0.0 > typeorm@0.3.28 > glob@10.5.0 > minimatch@9.0.5 > brace-expansion@2.0.2; packages/database > typeorm@0.3.28 > glob@10.5.0 > minimatch@9.0.5 > brace-expansion@2.0.2
fast-xml-parser,moderate,Entity Expansion Limits Bypassed When Set to Zero Due to JavaScript Falsy Evaluation in fast-xml-parser,5.4.1,>=5.5.7,https://github.com/advisories/GHSA-jp2q-39xq-3w4g,apps/bff > @aws-sdk/client-s3@3.1009.0 > @aws-sdk/core@3.973.20 > @aws-sdk/xml-builder@3.972.11 > fast-xml-parser@5.4.1; apps/bff > @aws-sdk/client-s3@3.1009.0 > @aws-sdk/credential-provider-node@3.972.21 > @aws-sdk/credential-provider-env@3.972.18 > @aws-sdk/core@3.973.20 > @aws-sdk/xml-builder@3.972.11 > fast-xml-parser@5.4.1; apps/bff > @aws-sdk/client-s3@3.1009.0 > @aws-sdk/credential-provider-node@3.972.21 > @aws-sdk/credential-provider-http@3.972.20 > @aws-sdk/core@3.973.20 > @aws-sdk/xml-builder@3.972.11 > fast-xml-parser@5.4.1; apps/bff > @aws-sdk/client-s3@3.1009.0 > @aws-sdk/credential-provider-node@3.972.21 > @aws-sdk/credential-provider-ini@3.972.20 > @aws-sdk/core@3.973.20 > @aws-sdk/xml-builder@3.972.11 > fast-xml-parser@5.4.1; apps/bff > @aws-sdk/client-s3@3.1009.0 > @aws-sdk/credential-provider-node@3.972.21 > @aws-sdk/credential-provider-ini@3.972.20 > @aws-sdk/credential-provider-env@3.972.18 > @aws-sdk/core@3.973.20 > @aws-sdk/xml-builder@3.972.11 > fast-xml-parser@5.4.1; apps/bff > @aws-sdk/client-s3@3.1009.0 > @aws-sdk/credential-provider-node@3.972.21 > @aws-sdk/credential-provider-ini@3.972.20 > @aws-sdk/credential-provider-http@3.972.20 > @aws-sdk/core@3.973.20 > @aws-sdk/xml-builder@3.972.11 > fast-xml-parser@5.4.1; apps/bff > @aws-sdk/client-s3@3.1009.0 > @aws-sdk/credential-provider-node@3.972.21 > @aws-sdk/credential-provider-ini@3.972.20 > @aws-sdk/credential-provider-login@3.972.20 > @aws-sdk/core@3.973.20 > @aws-sdk/xml-builder@3.972.11 > fast-xml-parser@5.4.1; apps/bff > @aws-sdk/client-s3@3.1009.0 > @aws-sdk/credential-provider-node@3.972.21 > @aws-sdk/credential-provider-ini@3.972.20 > @aws-sdk/credential-provider-login@3.972.20 > @aws-sdk/nested-clients@3.996.10 > @aws-sdk/core@3.973.20 > @aws-sdk/xml-builder@3.972.11 > fast-xml-parser@5.4.1; apps/bff > @aws-sdk/client-s3@3.1009.0 > @aws-sdk/credential-provider-node@3.972.21 > @aws-sdk/credential-provider-ini@3.972.20 > @aws-sdk/credential-provider-login@3.972.20 > @aws-sdk/nested-clients@3.996.10 > @aws-sdk/middleware-user-agent@3.972.21 > @aws-sdk/core@3.973.20 > @aws-sdk/xml-builder@3.972.11 > fast-xml-parser@5.4.1; apps/bff > @aws-sdk/client-s3@3.1009.0 > @aws-sdk/credential-provider-node@3.972.21 > @aws-sdk/credential-provider-ini@3.972.20 > @aws-sdk/credential-provider-login@3.972.20 > @aws-sdk/nested-clients@3.996.10 > @aws-sdk/util-user-agent-node@3.973.7 > @aws-sdk/middleware-user-agent@3.972.21 > @aws-sdk/core@3.973.20 > @aws-sdk/xml-builder@3.972.11 > fast-xml-parser@5.4.1; apps/bff > @aws-sdk/client-s3@3.1009.0 > @aws-sdk/credential-provider-node@3.972.21 > @aws-sdk/credential-provider-ini@3.972.20 > @aws-sdk/credential-provider-process@3.972.18 > @aws-sdk/core@3.973.20 > @aws-sdk/xml-builder@3.972.11 > fast-xml-parser@5.4.1; apps/bff > @aws-sdk/client-s3@3.1009.0 > @aws-sdk/credential-provider-node@3.972.21 > @aws-sdk/credential-provider-ini@3.972.20 > @aws-sdk/credential-provider-sso@3.972.20 > @aws-sdk/core@3.973.20 > @aws-sdk/xml-builder@3.972.11 > fast-xml-parser@5.4.1; apps/bff > @aws-sdk/client-s3@3.1009.0 > @aws-sdk/credential-provider-node@3.972.21 > @aws-sdk/credential-provider-ini@3.972.20 > @aws-sdk/credential-provider-sso@3.972.20 > @aws-sdk/nested-clients@3.996.10 > @aws-sdk/core@3.973.20 > @aws-sdk/xml-builder@3.972.11 > fast-xml-parser@5.4.1; apps/bff > @aws-sdk/client-s3@3.1009.0 > @aws-sdk/credential-provider-node@3.972.21 > @aws-sdk/credential-provider-ini@3.972.20 > @aws-sdk/credential-provider-sso@3.972.20 > @aws-sdk/nested-clients@3.996.10 > @aws-sdk/middleware-user-agent@3.972.21 > @aws-sdk/core@3.973.20 > @aws-sdk/xml-builder@3.972.11 > fast-xml-parser@5.4.1; apps/bff > @aws-sdk/client-s3@3.1009.0 > @aws-sdk/credential-provider-node@3.972.21 > @aws-sdk/credential-provider-ini@3.972.20 > @aws-sdk/credential-provider-sso@3.972.20 > @aws-sdk/nested-clients@3.996.10 > @aws-sdk/util-user-agent-node@3.973.7 > @aws-sdk/middleware-user-agent@3.972.21 > @aws-sdk/core@3.973.20 > @aws-sdk/xml-builder@3.972.11 > fast-xml-parser@5.4.1; apps/bff > @aws-sdk/client-s3@3.1009.0 > @aws-sdk/credential-provider-node@3.972.21 > @aws-sdk/credential-provider-ini@3.972.20 > @aws-sdk/credential-provider-sso@3.972.20 > @aws-sdk/token-providers@3.1009.0 > @aws-sdk/core@3.973.20 > @aws-sdk/xml-builder@3.972.11 > fast-xml-parser@5.4.1; apps/bff > @aws-sdk/client-s3@3.1009.0 > @aws-sdk/credential-provider-node@3.972.21 > @aws-sdk/credential-provider-ini@3.972.20 > @aws-sdk/credential-provider-sso@3.972.20 > @aws-sdk/token-providers@3.1009.0 > @aws-sdk/nested-clients@3.996.10 > @aws-sdk/core@3.973.20 > @aws-sdk/xml-builder@3.972.11 > fast-xml-parser@5.4.1; apps/bff > @aws-sdk/client-s3@3.1009.0 > @aws-sdk/credential-provider-node@3.972.21 > @aws-sdk/credential-provider-ini@3.972.20 > @aws-sdk/credential-provider-sso@3.972.20 > @aws-sdk/token-providers@3.1009.0 > @aws-sdk/nested-clients@3.996.10 > @aws-sdk/middleware-user-agent@3.972.21 > @aws-sdk/core@3.973.20 > @aws-sdk/xml-builder@3.972.11 > fast-xml-parser@5.4.1; apps/bff > @aws-sdk/client-s3@3.1009.0 > @aws-sdk/credential-provider-node@3.972.21 > @aws-sdk/credential-provider-ini@3.972.20 > @aws-sdk/credential-provider-sso@3.972.20 > @aws-sdk/token-providers@3.1009.0 > @aws-sdk/nested-clients@3.996.10 > @aws-sdk/util-user-agent-node@3.973.7 > @aws-sdk/middleware-user-agent@3.972.21 > @aws-sdk/core@3.973.20 > @aws-sdk/xml-builder@3.972.11 > fast-xml-parser@5.4.1; apps/bff > @aws-sdk/client-s3@3.1009.0 > @aws-sdk/credential-provider-node@3.972.21 > @aws-sdk/credential-provider-ini@3.972.20 > @aws-sdk/credential-provider-web-identity@3.972.20 > @aws-sdk/core@3.973.20 > @aws-sdk/xml-builder@3.972.11 > fast-xml-parser@5.4.1; apps/bff > @aws-sdk/client-s3@3.1009.0 > @aws-sdk/credential-provider-node@3.972.21 > @aws-sdk/credential-provider-ini@3.972.20 > @aws-sdk/credential-provider-web-identity@3.972.20 > @aws-sdk/nested-clients@3.996.10 > @aws-sdk/core@3.973.20 > @aws-sdk/xml-builder@3.972.11 > fast-xml-parser@5.4.1; apps/bff > @aws-sdk/client-s3@3.1009.0 > @aws-sdk/credential-provider-node@3.972.21 > @aws-sdk/credential-provider-ini@3.972.20 > @aws-sdk/credential-provider-web-identity@3.972.20 > @aws-sdk/nested-clients@3.996.10 > @aws-sdk/middleware-user-agent@3.972.21 > @aws-sdk/core@3.973.20 > @aws-sdk/xml-builder@3.972.11 > fast-xml-parser@5.4.1; apps/bff > @aws-sdk/client-s3@3.1009.0 > @aws-sdk/credential-provider-node@3.972.21 > @aws-sdk/credential-provider-ini@3.972.20 > @aws-sdk/credential-provider-web-identity@3.972.20 > @aws-sdk/nested-clients@3.996.10 > @aws-sdk/util-user-agent-node@3.973.7 > @aws-sdk/middleware-user-agent@3.972.21 > @aws-sdk/core@3.973.20 > @aws-sdk/xml-builder@3.972.11 > fast-xml-parser@5.4.1; apps/bff > @aws-sdk/client-s3@3.1009.0 > @aws-sdk/credential-provider-node@3.972.21 > @aws-sdk/credential-provider-ini@3.972.20 > @aws-sdk/nested-clients@3.996.10 > @aws-sdk/core@3.973.20 > @aws-sdk/xml-builder@3.972.11 > fast-xml-parser@5.4.1; apps/bff > @aws-sdk/client-s3@3.1009.0 > @aws-sdk/credential-provider-node@3.972.21 > @aws-sdk/credential-provider-ini@3.972.20 > @aws-sdk/nested-clients@3.996.10 > @aws-sdk/middleware-user-agent@3.972.21 > @aws-sdk/core@3.973.20 > @aws-sdk/xml-builder@3.972.11 > fast-xml-parser@5.4.1; apps/bff > @aws-sdk/client-s3@3.1009.0 > @aws-sdk/credential-provider-node@3.972.21 > @aws-sdk/credential-provider-ini@3.972.20 > @aws-sdk/nested-clients@3.996.10 > @aws-sdk/util-user-agent-node@3.973.7 > @aws-sdk/middleware-user-agent@3.972.21 > @aws-sdk/core@3.973.20 > @aws-sdk/xml-builder@3.972.11 > fast-xml-parser@5.4.1; apps/bff > @aws-sdk/client-s3@3.1009.0 > @aws-sdk/credential-provider-node@3.972.21 > @aws-sdk/credential-provider-process@3.972.18 > @aws-sdk/core@3.973.20 > @aws-sdk/xml-builder@3.972.11 > fast-xml-parser@5.4.1; apps/bff > @aws-sdk/client-s3@3.1009.0 > @aws-sdk/credential-provider-node@3.972.21 > @aws-sdk/credential-provider-sso@3.972.20 > @aws-sdk/core@3.973.20 > @aws-sdk/xml-builder@3.972.11 > fast-xml-parser@5.4.1; apps/bff > @aws-sdk/client-s3@3.1009.0 > @aws-sdk/credential-provider-node@3.972.21 > @aws-sdk/credential-provider-sso@3.972.20 > @aws-sdk/nested-clients@3.996.10 > @aws-sdk/core@3.973.20 > @aws-sdk/xml-builder@3.972.11 > fast-xml-parser@5.4.1; apps/bff > @aws-sdk/client-s3@3.1009.0 > @aws-sdk/credential-provider-node@3.972.21 > @aws-sdk/credential-provider-sso@3.972.20 > @aws-sdk/nested-clients@3.996.10 > @aws-sdk/middleware-user-agent@3.972.21 > @aws-sdk/core@3.973.20 > @aws-sdk/xml-builder@3.972.11 > fast-xml-parser@5.4.1; apps/bff > @aws-sdk/client-s3@3.1009.0 > @aws-sdk/credential-provider-node@3.972.21 > @aws-sdk/credential-provider-sso@3.972.20 > @aws-sdk/nested-clients@3.996.10 > @aws-sdk/util-user-agent-node@3.973.7 > @aws-sdk/middleware-user-agent@3.972.21 > @aws-sdk/core@3.973.20 > @aws-sdk/xml-builder@3.972.11 > fast-xml-parser@5.4.1; apps/bff > @aws-sdk/client-s3@3.1009.0 > @aws-sdk/credential-provider-node@3.972.21 > @aws-sdk/credential-provider-sso@3.972.20 > @aws-sdk/token-providers@3.1009.0 > @aws-sdk/core@3.973.20 > @aws-sdk/xml-builder@3.972.11 > fast-xml-parser@5.4.1; apps/bff > @aws-sdk/client-s3@3.1009.0 > @aws-sdk/credential-provider-node@3.972.21 > @aws-sdk/credential-provider-sso@3.972.20 > @aws-sdk/token-providers@3.1009.0 > @aws-sdk/nested-clients@3.996.10 > @aws-sdk/core@3.973.20 > @aws-sdk/xml-builder@3.972.11 > fast-xml-parser@5.4.1; apps/bff > @aws-sdk/client-s3@3.1009.0 > @aws-sdk/credential-provider-node@3.972.21 > @aws-sdk/credential-provider-sso@3.972.20 > @aws-sdk/token-providers@3.1009.0 > @aws-sdk/nested-clients@3.996.10 > @aws-sdk/middleware-user-agent@3.972.21 > @aws-sdk/core@3.973.20 > @aws-sdk/xml-builder@3.972.11 > fast-xml-parser@5.4.1; apps/bff > @aws-sdk/client-s3@3.1009.0 > @aws-sdk/credential-provider-node@3.972.21 > @aws-sdk/credential-provider-sso@3.972.20 > @aws-sdk/token-providers@3.1009.0 > @aws-sdk/nested-clients@3.996.10 > @aws-sdk/util-user-agent-node@3.973.7 > @aws-sdk/middleware-user-agent@3.972.21 > @aws-sdk/core@3.973.20 > @aws-sdk/xml-builder@3.972.11 > fast-xml-parser@5.4.1; apps/bff > @aws-sdk/client-s3@3.1009.0 > @aws-sdk/credential-provider-node@3.972.21 > @aws-sdk/credential-provider-web-identity@3.972.20 > @aws-sdk/core@3.973.20 > @aws-sdk/xml-builder@3.972.11 > fast-xml-parser@5.4.1; apps/bff > @aws-sdk/client-s3@3.1009.0 > @aws-sdk/credential-provider-node@3.972.21 > @aws-sdk/credential-provider-web-identity@3.972.20 > @aws-sdk/nested-clients@3.996.10 > @aws-sdk/core@3.973.20 > @aws-sdk/xml-builder@3.972.11 > fast-xml-parser@5.4.1; apps/bff > @aws-sdk/client-s3@3.1009.0 > @aws-sdk/credential-provider-node@3.972.21 > @aws-sdk/credential-provider-web-identity@3.972.20 > @aws-sdk/nested-clients@3.996.10 > @aws-sdk/middleware-user-agent@3.972.21 > @aws-sdk/core@3.973.20 > @aws-sdk/xml-builder@3.972.11 > fast-xml-parser@5.4.1; apps/bff > @aws-sdk/client-s3@3.1009.0 > @aws-sdk/credential-provider-node@3.972.21 > @aws-sdk/credential-provider-web-identity@3.972.20 > @aws-sdk/nested-clients@3.996.10 > @aws-sdk/util-user-agent-node@3.973.7 > @aws-sdk/middleware-user-agent@3.972.21 > @aws-sdk/core@3.973.20 > @aws-sdk/xml-builder@3.972.11 > fast-xml-parser@5.4.1; apps/bff > @aws-sdk/client-s3@3.1009.0 > @aws-sdk/middleware-flexible-checksums@3.973.6 > @aws-sdk/core@3.973.20 > @aws-sdk/xml-builder@3.972.11 > fast-xml-parser@5.4.1; apps/bff > @aws-sdk/client-s3@3.1009.0 > @aws-sdk/middleware-sdk-s3@3.972.20 > @aws-sdk/core@3.973.20 > @aws-sdk/xml-builder@3.972.11 > fast-xml-parser@5.4.1; apps/bff > @aws-sdk/client-s3@3.1009.0 > @aws-sdk/middleware-user-agent@3.972.21 > @aws-sdk/core@3.973.20 > @aws-sdk/xml-builder@3.972.11 > fast-xml-parser@5.4.1; apps/bff > @aws-sdk/client-s3@3.1009.0 > @aws-sdk/signature-v4-multi-region@3.996.8 > @aws-sdk/middleware-sdk-s3@3.972.20 > @aws-sdk/core@3.973.20 > @aws-sdk/xml-builder@3.972.11 > fast-xml-parser@5.4.1; apps/bff > @aws-sdk/client-s3@3.1009.0 > @aws-sdk/util-user-agent-node@3.973.7 > @aws-sdk/middleware-user-agent@3.972.21 > @aws-sdk/core@3.973.20 > @aws-sdk/xml-builder@3.972.11 > fast-xml-parser@5.4.1; apps/bff > @aws-sdk/s3-request-presigner@3.1009.0 > @aws-sdk/signature-v4-multi-region@3.996.8 > @aws-sdk/middleware-sdk-s3@3.972.20 > @aws-sdk/core@3.973.20 > @aws-sdk/xml-builder@3.972.11 > fast-xml-parser@5.4.1
fast-xml-parser,moderate,fast-xml-parser XMLBuilder: XML Comment and CDATA Injection via Unescaped Delimiters,5.4.1,>=5.7.0,https://github.com/advisories/GHSA-gh4j-gqv2-49f6,apps/bff > @aws-sdk/client-s3@3.1009.0 > @aws-sdk/core@3.973.20 > @aws-sdk/xml-builder@3.972.11 > fast-xml-parser@5.4.1; apps/bff > @aws-sdk/client-s3@3.1009.0 > @aws-sdk/credential-provider-node@3.972.21 > @aws-sdk/credential-provider-env@3.972.18 > @aws-sdk/core@3.973.20 > @aws-sdk/xml-builder@3.972.11 > fast-xml-parser@5.4.1; apps/bff > @aws-sdk/client-s3@3.1009.0 > @aws-sdk/credential-provider-node@3.972.21 > @aws-sdk/credential-provider-http@3.972.20 > @aws-sdk/core@3.973.20 > @aws-sdk/xml-builder@3.972.11 > fast-xml-parser@5.4.1; apps/bff > @aws-sdk/client-s3@3.1009.0 > @aws-sdk/credential-provider-node@3.972.21 > @aws-sdk/credential-provider-ini@3.972.20 > @aws-sdk/core@3.973.20 > @aws-sdk/xml-builder@3.972.11 > fast-xml-parser@5.4.1; apps/bff > @aws-sdk/client-s3@3.1009.0 > @aws-sdk/credential-provider-node@3.972.21 > @aws-sdk/credential-provider-ini@3.972.20 > @aws-sdk/credential-provider-env@3.972.18 > @aws-sdk/core@3.973.20 > @aws-sdk/xml-builder@3.972.11 > fast-xml-parser@5.4.1; apps/bff > @aws-sdk/client-s3@3.1009.0 > @aws-sdk/credential-provider-node@3.972.21 > @aws-sdk/credential-provider-ini@3.972.20 > @aws-sdk/credential-provider-http@3.972.20 > @aws-sdk/core@3.973.20 > @aws-sdk/xml-builder@3.972.11 > fast-xml-parser@5.4.1; apps/bff > @aws-sdk/client-s3@3.1009.0 > @aws-sdk/credential-provider-node@3.972.21 > @aws-sdk/credential-provider-ini@3.972.20 > @aws-sdk/credential-provider-login@3.972.20 > @aws-sdk/core@3.973.20 > @aws-sdk/xml-builder@3.972.11 > fast-xml-parser@5.4.1; apps/bff > @aws-sdk/client-s3@3.1009.0 > @aws-sdk/credential-provider-node@3.972.21 > @aws-sdk/credential-provider-ini@3.972.20 > @aws-sdk/credential-provider-login@3.972.20 > @aws-sdk/nested-clients@3.996.10 > @aws-sdk/core@3.973.20 > @aws-sdk/xml-builder@3.972.11 > fast-xml-parser@5.4.1; apps/bff > @aws-sdk/client-s3@3.1009.0 > @aws-sdk/credential-provider-node@3.972.21 > @aws-sdk/credential-provider-ini@3.972.20 > @aws-sdk/credential-provider-login@3.972.20 > @aws-sdk/nested-clients@3.996.10 > @aws-sdk/middleware-user-agent@3.972.21 > @aws-sdk/core@3.973.20 > @aws-sdk/xml-builder@3.972.11 > fast-xml-parser@5.4.1; apps/bff > @aws-sdk/client-s3@3.1009.0 > @aws-sdk/credential-provider-node@3.972.21 > @aws-sdk/credential-provider-ini@3.972.20 > @aws-sdk/credential-provider-login@3.972.20 > @aws-sdk/nested-clients@3.996.10 > @aws-sdk/util-user-agent-node@3.973.7 > @aws-sdk/middleware-user-agent@3.972.21 > @aws-sdk/core@3.973.20 > @aws-sdk/xml-builder@3.972.11 > fast-xml-parser@5.4.1; apps/bff > @aws-sdk/client-s3@3.1009.0 > @aws-sdk/credential-provider-node@3.972.21 > @aws-sdk/credential-provider-ini@3.972.20 > @aws-sdk/credential-provider-process@3.972.18 > @aws-sdk/core@3.973.20 > @aws-sdk/xml-builder@3.972.11 > fast-xml-parser@5.4.1; apps/bff > @aws-sdk/client-s3@3.1009.0 > @aws-sdk/credential-provider-node@3.972.21 > @aws-sdk/credential-provider-ini@3.972.20 > @aws-sdk/credential-provider-sso@3.972.20 > @aws-sdk/core@3.973.20 > @aws-sdk/xml-builder@3.972.11 > fast-xml-parser@5.4.1; apps/bff > @aws-sdk/client-s3@3.1009.0 > @aws-sdk/credential-provider-node@3.972.21 > @aws-sdk/credential-provider-ini@3.972.20 > @aws-sdk/credential-provider-sso@3.972.20 > @aws-sdk/nested-clients@3.996.10 > @aws-sdk/core@3.973.20 > @aws-sdk/xml-builder@3.972.11 > fast-xml-parser@5.4.1; apps/bff > @aws-sdk/client-s3@3.1009.0 > @aws-sdk/credential-provider-node@3.972.21 > @aws-sdk/credential-provider-ini@3.972.20 > @aws-sdk/credential-provider-sso@3.972.20 > @aws-sdk/nested-clients@3.996.10 > @aws-sdk/middleware-user-agent@3.972.21 > @aws-sdk/core@3.973.20 > @aws-sdk/xml-builder@3.972.11 > fast-xml-parser@5.4.1; apps/bff > @aws-sdk/client-s3@3.1009.0 > @aws-sdk/credential-provider-node@3.972.21 > @aws-sdk/credential-provider-ini@3.972.20 > @aws-sdk/credential-provider-sso@3.972.20 > @aws-sdk/nested-clients@3.996.10 > @aws-sdk/util-user-agent-node@3.973.7 > @aws-sdk/middleware-user-agent@3.972.21 > @aws-sdk/core@3.973.20 > @aws-sdk/xml-builder@3.972.11 > fast-xml-parser@5.4.1; apps/bff > @aws-sdk/client-s3@3.1009.0 > @aws-sdk/credential-provider-node@3.972.21 > @aws-sdk/credential-provider-ini@3.972.20 > @aws-sdk/credential-provider-sso@3.972.20 > @aws-sdk/token-providers@3.1009.0 > @aws-sdk/core@3.973.20 > @aws-sdk/xml-builder@3.972.11 > fast-xml-parser@5.4.1; apps/bff > @aws-sdk/client-s3@3.1009.0 > @aws-sdk/credential-provider-node@3.972.21 > @aws-sdk/credential-provider-ini@3.972.20 > @aws-sdk/credential-provider-sso@3.972.20 > @aws-sdk/token-providers@3.1009.0 > @aws-sdk/nested-clients@3.996.10 > @aws-sdk/core@3.973.20 > @aws-sdk/xml-builder@3.972.11 > fast-xml-parser@5.4.1; apps/bff > @aws-sdk/client-s3@3.1009.0 > @aws-sdk/credential-provider-node@3.972.21 > @aws-sdk/credential-provider-ini@3.972.20 > @aws-sdk/credential-provider-sso@3.972.20 > @aws-sdk/token-providers@3.1009.0 > @aws-sdk/nested-clients@3.996.10 > @aws-sdk/middleware-user-agent@3.972.21 > @aws-sdk/core@3.973.20 > @aws-sdk/xml-builder@3.972.11 > fast-xml-parser@5.4.1; apps/bff > @aws-sdk/client-s3@3.1009.0 > @aws-sdk/credential-provider-node@3.972.21 > @aws-sdk/credential-provider-ini@3.972.20 > @aws-sdk/credential-provider-sso@3.972.20 > @aws-sdk/token-providers@3.1009.0 > @aws-sdk/nested-clients@3.996.10 > @aws-sdk/util-user-agent-node@3.973.7 > @aws-sdk/middleware-user-agent@3.972.21 > @aws-sdk/core@3.973.20 > @aws-sdk/xml-builder@3.972.11 > fast-xml-parser@5.4.1; apps/bff > @aws-sdk/client-s3@3.1009.0 > @aws-sdk/credential-provider-node@3.972.21 > @aws-sdk/credential-provider-ini@3.972.20 > @aws-sdk/credential-provider-web-identity@3.972.20 > @aws-sdk/core@3.973.20 > @aws-sdk/xml-builder@3.972.11 > fast-xml-parser@5.4.1; apps/bff > @aws-sdk/client-s3@3.1009.0 > @aws-sdk/credential-provider-node@3.972.21 > @aws-sdk/credential-provider-ini@3.972.20 > @aws-sdk/credential-provider-web-identity@3.972.20 > @aws-sdk/nested-clients@3.996.10 > @aws-sdk/core@3.973.20 > @aws-sdk/xml-builder@3.972.11 > fast-xml-parser@5.4.1; apps/bff > @aws-sdk/client-s3@3.1009.0 > @aws-sdk/credential-provider-node@3.972.21 > @aws-sdk/credential-provider-ini@3.972.20 > @aws-sdk/credential-provider-web-identity@3.972.20 > @aws-sdk/nested-clients@3.996.10 > @aws-sdk/middleware-user-agent@3.972.21 > @aws-sdk/core@3.973.20 > @aws-sdk/xml-builder@3.972.11 > fast-xml-parser@5.4.1; apps/bff > @aws-sdk/client-s3@3.1009.0 > @aws-sdk/credential-provider-node@3.972.21 > @aws-sdk/credential-provider-ini@3.972.20 > @aws-sdk/credential-provider-web-identity@3.972.20 > @aws-sdk/nested-clients@3.996.10 > @aws-sdk/util-user-agent-node@3.973.7 > @aws-sdk/middleware-user-agent@3.972.21 > @aws-sdk/core@3.973.20 > @aws-sdk/xml-builder@3.972.11 > fast-xml-parser@5.4.1; apps/bff > @aws-sdk/client-s3@3.1009.0 > @aws-sdk/credential-provider-node@3.972.21 > @aws-sdk/credential-provider-ini@3.972.20 > @aws-sdk/nested-clients@3.996.10 > @aws-sdk/core@3.973.20 > @aws-sdk/xml-builder@3.972.11 > fast-xml-parser@5.4.1; apps/bff > @aws-sdk/client-s3@3.1009.0 > @aws-sdk/credential-provider-node@3.972.21 > @aws-sdk/credential-provider-ini@3.972.20 > @aws-sdk/nested-clients@3.996.10 > @aws-sdk/middleware-user-agent@3.972.21 > @aws-sdk/core@3.973.20 > @aws-sdk/xml-builder@3.972.11 > fast-xml-parser@5.4.1; apps/bff > @aws-sdk/client-s3@3.1009.0 > @aws-sdk/credential-provider-node@3.972.21 > @aws-sdk/credential-provider-ini@3.972.20 > @aws-sdk/nested-clients@3.996.10 > @aws-sdk/util-user-agent-node@3.973.7 > @aws-sdk/middleware-user-agent@3.972.21 > @aws-sdk/core@3.973.20 > @aws-sdk/xml-builder@3.972.11 > fast-xml-parser@5.4.1; apps/bff > @aws-sdk/client-s3@3.1009.0 > @aws-sdk/credential-provider-node@3.972.21 > @aws-sdk/credential-provider-process@3.972.18 > @aws-sdk/core@3.973.20 > @aws-sdk/xml-builder@3.972.11 > fast-xml-parser@5.4.1; apps/bff > @aws-sdk/client-s3@3.1009.0 > @aws-sdk/credential-provider-node@3.972.21 > @aws-sdk/credential-provider-sso@3.972.20 > @aws-sdk/core@3.973.20 > @aws-sdk/xml-builder@3.972.11 > fast-xml-parser@5.4.1; apps/bff > @aws-sdk/client-s3@3.1009.0 > @aws-sdk/credential-provider-node@3.972.21 > @aws-sdk/credential-provider-sso@3.972.20 > @aws-sdk/nested-clients@3.996.10 > @aws-sdk/core@3.973.20 > @aws-sdk/xml-builder@3.972.11 > fast-xml-parser@5.4.1; apps/bff > @aws-sdk/client-s3@3.1009.0 > @aws-sdk/credential-provider-node@3.972.21 > @aws-sdk/credential-provider-sso@3.972.20 > @aws-sdk/nested-clients@3.996.10 > @aws-sdk/middleware-user-agent@3.972.21 > @aws-sdk/core@3.973.20 > @aws-sdk/xml-builder@3.972.11 > fast-xml-parser@5.4.1; apps/bff > @aws-sdk/client-s3@3.1009.0 > @aws-sdk/credential-provider-node@3.972.21 > @aws-sdk/credential-provider-sso@3.972.20 > @aws-sdk/nested-clients@3.996.10 > @aws-sdk/util-user-agent-node@3.973.7 > @aws-sdk/middleware-user-agent@3.972.21 > @aws-sdk/core@3.973.20 > @aws-sdk/xml-builder@3.972.11 > fast-xml-parser@5.4.1; apps/bff > @aws-sdk/client-s3@3.1009.0 > @aws-sdk/credential-provider-node@3.972.21 > @aws-sdk/credential-provider-sso@3.972.20 > @aws-sdk/token-providers@3.1009.0 > @aws-sdk/core@3.973.20 > @aws-sdk/xml-builder@3.972.11 > fast-xml-parser@5.4.1; apps/bff > @aws-sdk/client-s3@3.1009.0 > @aws-sdk/credential-provider-node@3.972.21 > @aws-sdk/credential-provider-sso@3.972.20 > @aws-sdk/token-providers@3.1009.0 > @aws-sdk/nested-clients@3.996.10 > @aws-sdk/core@3.973.20 > @aws-sdk/xml-builder@3.972.11 > fast-xml-parser@5.4.1; apps/bff > @aws-sdk/client-s3@3.1009.0 > @aws-sdk/credential-provider-node@3.972.21 > @aws-sdk/credential-provider-sso@3.972.20 > @aws-sdk/token-providers@3.1009.0 > @aws-sdk/nested-clients@3.996.10 > @aws-sdk/middleware-user-agent@3.972.21 > @aws-sdk/core@3.973.20 > @aws-sdk/xml-builder@3.972.11 > fast-xml-parser@5.4.1; apps/bff > @aws-sdk/client-s3@3.1009.0 > @aws-sdk/credential-provider-node@3.972.21 > @aws-sdk/credential-provider-sso@3.972.20 > @aws-sdk/token-providers@3.1009.0 > @aws-sdk/nested-clients@3.996.10 > @aws-sdk/util-user-agent-node@3.973.7 > @aws-sdk/middleware-user-agent@3.972.21 > @aws-sdk/core@3.973.20 > @aws-sdk/xml-builder@3.972.11 > fast-xml-parser@5.4.1; apps/bff > @aws-sdk/client-s3@3.1009.0 > @aws-sdk/credential-provider-node@3.972.21 > @aws-sdk/credential-provider-web-identity@3.972.20 > @aws-sdk/core@3.973.20 > @aws-sdk/xml-builder@3.972.11 > fast-xml-parser@5.4.1; apps/bff > @aws-sdk/client-s3@3.1009.0 > @aws-sdk/credential-provider-node@3.972.21 > @aws-sdk/credential-provider-web-identity@3.972.20 > @aws-sdk/nested-clients@3.996.10 > @aws-sdk/core@3.973.20 > @aws-sdk/xml-builder@3.972.11 > fast-xml-parser@5.4.1; apps/bff > @aws-sdk/client-s3@3.1009.0 > @aws-sdk/credential-provider-node@3.972.21 > @aws-sdk/credential-provider-web-identity@3.972.20 > @aws-sdk/nested-clients@3.996.10 > @aws-sdk/middleware-user-agent@3.972.21 > @aws-sdk/core@3.973.20 > @aws-sdk/xml-builder@3.972.11 > fast-xml-parser@5.4.1; apps/bff > @aws-sdk/client-s3@3.1009.0 > @aws-sdk/credential-provider-node@3.972.21 > @aws-sdk/credential-provider-web-identity@3.972.20 > @aws-sdk/nested-clients@3.996.10 > @aws-sdk/util-user-agent-node@3.973.7 > @aws-sdk/middleware-user-agent@3.972.21 > @aws-sdk/core@3.973.20 > @aws-sdk/xml-builder@3.972.11 > fast-xml-parser@5.4.1; apps/bff > @aws-sdk/client-s3@3.1009.0 > @aws-sdk/middleware-flexible-checksums@3.973.6 > @aws-sdk/core@3.973.20 > @aws-sdk/xml-builder@3.972.11 > fast-xml-parser@5.4.1; apps/bff > @aws-sdk/client-s3@3.1009.0 > @aws-sdk/middleware-sdk-s3@3.972.20 > @aws-sdk/core@3.973.20 > @aws-sdk/xml-builder@3.972.11 > fast-xml-parser@5.4.1; apps/bff > @aws-sdk/client-s3@3.1009.0 > @aws-sdk/middleware-user-agent@3.972.21 > @aws-sdk/core@3.973.20 > @aws-sdk/xml-builder@3.972.11 > fast-xml-parser@5.4.1; apps/bff > @aws-sdk/client-s3@3.1009.0 > @aws-sdk/signature-v4-multi-region@3.996.8 > @aws-sdk/middleware-sdk-s3@3.972.20 > @aws-sdk/core@3.973.20 > @aws-sdk/xml-builder@3.972.11 > fast-xml-parser@5.4.1; apps/bff > @aws-sdk/client-s3@3.1009.0 > @aws-sdk/util-user-agent-node@3.973.7 > @aws-sdk/middleware-user-agent@3.972.21 > @aws-sdk/core@3.973.20 > @aws-sdk/xml-builder@3.972.11 > fast-xml-parser@5.4.1; apps/bff > @aws-sdk/s3-request-presigner@3.1009.0 > @aws-sdk/signature-v4-multi-region@3.996.8 > @aws-sdk/middleware-sdk-s3@3.972.20 > @aws-sdk/core@3.973.20 > @aws-sdk/xml-builder@3.972.11 > fast-xml-parser@5.4.1
fflate,moderate,fflate unzipSync can enter an infinite loop when parsing malformed ZIP64 archives,0.8.2,>=0.8.3,https://github.com/advisories/GHSA-px8p-9vwx-vf98,apps/bff > @nestjs/axios@3.1.3 > @nestjs/common@11.1.9 > file-type@21.1.0 > @tokenizer/inflate@0.3.1 > fflate@0.8.2; apps/bff > @nestjs/cache-manager@3.1.0 > @nestjs/common@11.1.9 > file-type@21.1.0 > @tokenizer/inflate@0.3.1 > fflate@0.8.2; apps/bff > @nestjs/cache-manager@3.1.0 > @nestjs/core@11.1.9 > @nestjs/common@11.1.9 > file-type@21.1.0 > @tokenizer/inflate@0.3.1 > fflate@0.8.2; apps/bff > @nestjs/cache-manager@3.1.0 > @nestjs/core@11.1.9 > @nestjs/microservices@11.1.11 > @nestjs/common@11.1.9 > file-type@21.1.0 > @tokenizer/inflate@0.3.1 > fflate@0.8.2; apps/bff > @nestjs/cache-manager@3.1.0 > @nestjs/core@11.1.9 > @nestjs/platform-express@11.1.9 > @nestjs/common@11.1.9 > file-type@21.1.0 > @tokenizer/inflate@0.3.1 > fflate@0.8.2; apps/bff > @nestjs/common@11.1.9 > file-type@21.1.0 > @tokenizer/inflate@0.3.1 > fflate@0.8.2; apps/bff > @nestjs/config@4.0.2 > @nestjs/common@11.1.9 > file-type@21.1.0 > @tokenizer/inflate@0.3.1 > fflate@0.8.2; apps/bff > @nestjs/core@11.1.9 > @nestjs/common@11.1.9 > file-type@21.1.0 > @tokenizer/inflate@0.3.1 > fflate@0.8.2; apps/bff > @nestjs/core@11.1.9 > @nestjs/microservices@11.1.11 > @nestjs/common@11.1.9 > file-type@21.1.0 > @tokenizer/inflate@0.3.1 > fflate@0.8.2; apps/bff > @nestjs/core@11.1.9 > @nestjs/platform-express@11.1.9 > @nestjs/common@11.1.9 > file-type@21.1.0 > @tokenizer/inflate@0.3.1 > fflate@0.8.2; apps/bff > @nestjs/jwt@11.0.1 > @nestjs/common@11.1.9 > file-type@21.1.0 > @tokenizer/inflate@0.3.1 > fflate@0.8.2; apps/bff > @nestjs/mapped-types@2.1.0 > @nestjs/common@11.1.9 > file-type@21.1.0 > @tokenizer/inflate@0.3.1 > fflate@0.8.2; apps/bff > @nestjs/passport@11.0.5 > @nestjs/common@11.1.9 > file-type@21.1.0 > @tokenizer/inflate@0.3.1 > fflate@0.8.2; apps/bff > @nestjs/platform-express@11.1.9 > @nestjs/common@11.1.9 > file-type@21.1.0 > @tokenizer/inflate@0.3.1 > fflate@0.8.2; apps/bff > @nestjs/platform-express@11.1.9 > @nestjs/core@11.1.9 > @nestjs/common@11.1.9 > file-type@21.1.0 > @tokenizer/inflate@0.3.1 > fflate@0.8.2; apps/bff > @nestjs/platform-express@11.1.9 > @nestjs/core@11.1.9 > @nestjs/microservices@11.1.11 > @nestjs/common@11.1.9 > file-type@21.1.0 > @tokenizer/inflate@0.3.1 > fflate@0.8.2; apps/bff > @nestjs/schedule@5.0.1 > @nestjs/common@11.1.9 > file-type@21.1.0 > @tokenizer/inflate@0.3.1 > fflate@0.8.2; apps/bff > @nestjs/schedule@5.0.1 > @nestjs/core@11.1.9 > @nestjs/common@11.1.9 > file-type@21.1.0 > @tokenizer/inflate@0.3.1 > fflate@0.8.2; apps/bff > @nestjs/schedule@5.0.1 > @nestjs/core@11.1.9 > @nestjs/microservices@11.1.11 > @nestjs/common@11.1.9 > file-type@21.1.0 > @tokenizer/inflate@0.3.1 > fflate@0.8.2; apps/bff > @nestjs/schedule@5.0.1 > @nestjs/core@11.1.9 > @nestjs/platform-express@11.1.9 > @nestjs/common@11.1.9 > file-type@21.1.0 > @tokenizer/inflate@0.3.1 > fflate@0.8.2; apps/bff > @nestjs/swagger@11.2.3 > @nestjs/common@11.1.9 > file-type@21.1.0 > @tokenizer/inflate@0.3.1 > fflate@0.8.2; apps/bff > @nestjs/swagger@11.2.3 > @nestjs/core@11.1.9 > @nestjs/common@11.1.9 > file-type@21.1.0 > @tokenizer/inflate@0.3.1 > fflate@0.8.2; apps/bff > @nestjs/swagger@11.2.3 > @nestjs/core@11.1.9 > @nestjs/microservices@11.1.11 > @nestjs/common@11.1.9 > file-type@21.1.0 > @tokenizer/inflate@0.3.1 > fflate@0.8.2; apps/bff > @nestjs/swagger@11.2.3 > @nestjs/core@11.1.9 > @nestjs/platform-express@11.1.9 > @nestjs/common@11.1.9 > file-type@21.1.0 > @tokenizer/inflate@0.3.1 > fflate@0.8.2; apps/bff > @nestjs/swagger@11.2.3 > @nestjs/mapped-types@2.1.0 > @nestjs/common@11.1.9 > file-type@21.1.0 > @tokenizer/inflate@0.3.1 > fflate@0.8.2; apps/bff > @nestjs/terminus@11.0.0 > @nestjs/common@11.1.9 > file-type@21.1.0 > @tokenizer/inflate@0.3.1 > fflate@0.8.2; apps/bff > @nestjs/terminus@11.0.0 > @nestjs/core@11.1.9 > @nestjs/common@11.1.9 > file-type@21.1.0 > @tokenizer/inflate@0.3.1 > fflate@0.8.2; apps/bff > @nestjs/terminus@11.0.0 > @nestjs/core@11.1.9 > @nestjs/microservices@11.1.11 > @nestjs/common@11.1.9 > file-type@21.1.0 > @tokenizer/inflate@0.3.1 > fflate@0.8.2; apps/bff > @nestjs/terminus@11.0.0 > @nestjs/core@11.1.9 > @nestjs/platform-express@11.1.9 > @nestjs/common@11.1.9 > file-type@21.1.0 > @tokenizer/inflate@0.3.1 > fflate@0.8.2; apps/bff > @nestjs/terminus@11.0.0 > @nestjs/axios@3.1.3 > @nestjs/common@11.1.9 > file-type@21.1.0 > @tokenizer/inflate@0.3.1 > fflate@0.8.2; apps/bff > @nestjs/terminus@11.0.0 > @nestjs/microservices@11.1.11 > @nestjs/common@11.1.9 > file-type@21.1.0 > @tokenizer/inflate@0.3.1 > fflate@0.8.2; apps/bff > @nestjs/terminus@11.0.0 > @nestjs/typeorm@11.0.0 > @nestjs/common@11.1.9 > file-type@21.1.0 > @tokenizer/inflate@0.3.1 > fflate@0.8.2; apps/bff > @nestjs/terminus@11.0.0 > @nestjs/typeorm@11.0.0 > @nestjs/core@11.1.9 > @nestjs/common@11.1.9 > file-type@21.1.0 > @tokenizer/inflate@0.3.1 > fflate@0.8.2; apps/bff > @nestjs/terminus@11.0.0 > @nestjs/typeorm@11.0.0 > @nestjs/core@11.1.9 > @nestjs/microservices@11.1.11 > @nestjs/common@11.1.9 > file-type@21.1.0 > @tokenizer/inflate@0.3.1 > fflate@0.8.2; apps/bff > @nestjs/terminus@11.0.0 > @nestjs/typeorm@11.0.0 > @nestjs/core@11.1.9 > @nestjs/platform-express@11.1.9 > @nestjs/common@11.1.9 > file-type@21.1.0 > @tokenizer/inflate@0.3.1 > fflate@0.8.2; apps/bff > @nestjs/typeorm@11.0.0 > @nestjs/common@11.1.9 > file-type@21.1.0 > @tokenizer/inflate@0.3.1 > fflate@0.8.2; apps/bff > @nestjs/typeorm@11.0.0 > @nestjs/core@11.1.9 > @nestjs/common@11.1.9 > file-type@21.1.0 > @tokenizer/inflate@0.3.1 > fflate@0.8.2; apps/bff > @nestjs/typeorm@11.0.0 > @nestjs/core@11.1.9 > @nestjs/microservices@11.1.11 > @nestjs/common@11.1.9 > file-type@21.1.0 > @tokenizer/inflate@0.3.1 > fflate@0.8.2; apps/bff > @nestjs/typeorm@11.0.0 > @nestjs/core@11.1.9 > @nestjs/platform-express@11.1.9 > @nestjs/common@11.1.9 > file-type@21.1.0 > @tokenizer/inflate@0.3.1 > fflate@0.8.2; apps/bff > @welpco/database@link:../../packages/database > @nestjs/common@11.1.9 > file-type@21.1.0 > @tokenizer/inflate@0.3.1 > fflate@0.8.2; apps/bff > @welpco/database@link:../../packages/database > @nestjs/config@4.0.2 > @nestjs/common@11.1.9 > file-type@21.1.0 > @tokenizer/inflate@0.3.1 > fflate@0.8.2; apps/bff > @welpco/database@link:../../packages/database > @nestjs/typeorm@11.0.0 > @nestjs/common@11.1.9 > file-type@21.1.0 > @tokenizer/inflate@0.3.1 > fflate@0.8.2; apps/bff > @welpco/database@link:../../packages/database > @nestjs/typeorm@11.0.0 > @nestjs/core@11.1.9 > @nestjs/common@11.1.9 > file-type@21.1.0 > @tokenizer/inflate@0.3.1 > fflate@0.8.2; apps/bff > @welpco/database@link:../../packages/database > @nestjs/typeorm@11.0.0 > @nestjs/core@11.1.9 > @nestjs/microservices@11.1.11 > @nestjs/common@11.1.9 > file-type@21.1.0 > @tokenizer/inflate@0.3.1 > fflate@0.8.2; apps/bff > @welpco/database@link:../../packages/database > @nestjs/typeorm@11.0.0 > @nestjs/core@11.1.9 > @nestjs/platform-express@11.1.9 > @nestjs/common@11.1.9 > file-type@21.1.0 > @tokenizer/inflate@0.3.1 > fflate@0.8.2; packages/database > @nestjs/common@11.1.9 > file-type@21.1.0 > @tokenizer/inflate@0.3.1 > fflate@0.8.2; packages/database > @nestjs/config@4.0.2 > @nestjs/common@11.1.9 > file-type@21.1.0 > @tokenizer/inflate@0.3.1 > fflate@0.8.2; packages/database > @nestjs/typeorm@11.0.0 > @nestjs/common@11.1.9 > file-type@21.1.0 > @tokenizer/inflate@0.3.1 > fflate@0.8.2; packages/database > @nestjs/typeorm@11.0.0 > @nestjs/core@11.1.9 > @nestjs/common@11.1.9 > file-type@21.1.0 > @tokenizer/inflate@0.3.1 > fflate@0.8.2; packages/database > @nestjs/typeorm@11.0.0 > @nestjs/core@11.1.9 > @nestjs/microservices@11.1.11 > @nestjs/common@11.1.9 > file-type@21.1.0 > @tokenizer/inflate@0.3.1 > fflate@0.8.2; packages/database > @nestjs/typeorm@11.0.0 > @nestjs/core@11.1.9 > @nestjs/platform-express@11.1.9 > @nestjs/common@11.1.9 > file-type@21.1.0 > @tokenizer/inflate@0.3.1 > fflate@0.8.2
file-type,moderate,file-type affected by infinite loop in ASF parser on malformed input with zero-size sub-header,21.1.0,>=21.3.1,https://github.com/advisories/GHSA-5v7r-6r5c-r473,apps/bff > @nestjs/axios@3.1.3 > @nestjs/common@11.1.9 > file-type@21.1.0; apps/bff > @nestjs/cache-manager@3.1.0 > @nestjs/common@11.1.9 > file-type@21.1.0; apps/bff > @nestjs/cache-manager@3.1.0 > @nestjs/core@11.1.9 > @nestjs/common@11.1.9 > file-type@21.1.0; apps/bff > @nestjs/cache-manager@3.1.0 > @nestjs/core@11.1.9 > @nestjs/microservices@11.1.11 > @nestjs/common@11.1.9 > file-type@21.1.0; apps/bff > @nestjs/cache-manager@3.1.0 > @nestjs/core@11.1.9 > @nestjs/platform-express@11.1.9 > @nestjs/common@11.1.9 > file-type@21.1.0; apps/bff > @nestjs/common@11.1.9 > file-type@21.1.0; apps/bff > @nestjs/config@4.0.2 > @nestjs/common@11.1.9 > file-type@21.1.0; apps/bff > @nestjs/core@11.1.9 > @nestjs/common@11.1.9 > file-type@21.1.0; apps/bff > @nestjs/core@11.1.9 > @nestjs/microservices@11.1.11 > @nestjs/common@11.1.9 > file-type@21.1.0; apps/bff > @nestjs/core@11.1.9 > @nestjs/platform-express@11.1.9 > @nestjs/common@11.1.9 > file-type@21.1.0; apps/bff > @nestjs/jwt@11.0.1 > @nestjs/common@11.1.9 > file-type@21.1.0; apps/bff > @nestjs/mapped-types@2.1.0 > @nestjs/common@11.1.9 > file-type@21.1.0; apps/bff > @nestjs/passport@11.0.5 > @nestjs/common@11.1.9 > file-type@21.1.0; apps/bff > @nestjs/platform-express@11.1.9 > @nestjs/common@11.1.9 > file-type@21.1.0; apps/bff > @nestjs/platform-express@11.1.9 > @nestjs/core@11.1.9 > @nestjs/common@11.1.9 > file-type@21.1.0; apps/bff > @nestjs/platform-express@11.1.9 > @nestjs/core@11.1.9 > @nestjs/microservices@11.1.11 > @nestjs/common@11.1.9 > file-type@21.1.0; apps/bff > @nestjs/schedule@5.0.1 > @nestjs/common@11.1.9 > file-type@21.1.0; apps/bff > @nestjs/schedule@5.0.1 > @nestjs/core@11.1.9 > @nestjs/common@11.1.9 > file-type@21.1.0; apps/bff > @nestjs/schedule@5.0.1 > @nestjs/core@11.1.9 > @nestjs/microservices@11.1.11 > @nestjs/common@11.1.9 > file-type@21.1.0; apps/bff > @nestjs/schedule@5.0.1 > @nestjs/core@11.1.9 > @nestjs/platform-express@11.1.9 > @nestjs/common@11.1.9 > file-type@21.1.0; apps/bff > @nestjs/swagger@11.2.3 > @nestjs/common@11.1.9 > file-type@21.1.0; apps/bff > @nestjs/swagger@11.2.3 > @nestjs/core@11.1.9 > @nestjs/common@11.1.9 > file-type@21.1.0; apps/bff > @nestjs/swagger@11.2.3 > @nestjs/core@11.1.9 > @nestjs/microservices@11.1.11 > @nestjs/common@11.1.9 > file-type@21.1.0; apps/bff > @nestjs/swagger@11.2.3 > @nestjs/core@11.1.9 > @nestjs/platform-express@11.1.9 > @nestjs/common@11.1.9 > file-type@21.1.0; apps/bff > @nestjs/swagger@11.2.3 > @nestjs/mapped-types@2.1.0 > @nestjs/common@11.1.9 > file-type@21.1.0; apps/bff > @nestjs/terminus@11.0.0 > @nestjs/common@11.1.9 > file-type@21.1.0; apps/bff > @nestjs/terminus@11.0.0 > @nestjs/core@11.1.9 > @nestjs/common@11.1.9 > file-type@21.1.0; apps/bff > @nestjs/terminus@11.0.0 > @nestjs/core@11.1.9 > @nestjs/microservices@11.1.11 > @nestjs/common@11.1.9 > file-type@21.1.0; apps/bff > @nestjs/terminus@11.0.0 > @nestjs/core@11.1.9 > @nestjs/platform-express@11.1.9 > @nestjs/common@11.1.9 > file-type@21.1.0; apps/bff > @nestjs/terminus@11.0.0 > @nestjs/axios@3.1.3 > @nestjs/common@11.1.9 > file-type@21.1.0; apps/bff > @nestjs/terminus@11.0.0 > @nestjs/microservices@11.1.11 > @nestjs/common@11.1.9 > file-type@21.1.0; apps/bff > @nestjs/terminus@11.0.0 > @nestjs/typeorm@11.0.0 > @nestjs/common@11.1.9 > file-type@21.1.0; apps/bff > @nestjs/terminus@11.0.0 > @nestjs/typeorm@11.0.0 > @nestjs/core@11.1.9 > @nestjs/common@11.1.9 > file-type@21.1.0; apps/bff > @nestjs/terminus@11.0.0 > @nestjs/typeorm@11.0.0 > @nestjs/core@11.1.9 > @nestjs/microservices@11.1.11 > @nestjs/common@11.1.9 > file-type@21.1.0; apps/bff > @nestjs/terminus@11.0.0 > @nestjs/typeorm@11.0.0 > @nestjs/core@11.1.9 > @nestjs/platform-express@11.1.9 > @nestjs/common@11.1.9 > file-type@21.1.0; apps/bff > @nestjs/typeorm@11.0.0 > @nestjs/common@11.1.9 > file-type@21.1.0; apps/bff > @nestjs/typeorm@11.0.0 > @nestjs/core@11.1.9 > @nestjs/common@11.1.9 > file-type@21.1.0; apps/bff > @nestjs/typeorm@11.0.0 > @nestjs/core@11.1.9 > @nestjs/microservices@11.1.11 > @nestjs/common@11.1.9 > file-type@21.1.0; apps/bff > @nestjs/typeorm@11.0.0 > @nestjs/core@11.1.9 > @nestjs/platform-express@11.1.9 > @nestjs/common@11.1.9 > file-type@21.1.0; apps/bff > @welpco/database@link:../../packages/database > @nestjs/common@11.1.9 > file-type@21.1.0; apps/bff > @welpco/database@link:../../packages/database > @nestjs/config@4.0.2 > @nestjs/common@11.1.9 > file-type@21.1.0; apps/bff > @welpco/database@link:../../packages/database > @nestjs/typeorm@11.0.0 > @nestjs/common@11.1.9 > file-type@21.1.0; apps/bff > @welpco/database@link:../../packages/database > @nestjs/typeorm@11.0.0 > @nestjs/core@11.1.9 > @nestjs/common@11.1.9 > file-type@21.1.0; apps/bff > @welpco/database@link:../../packages/database > @nestjs/typeorm@11.0.0 > @nestjs/core@11.1.9 > @nestjs/microservices@11.1.11 > @nestjs/common@11.1.9 > file-type@21.1.0; apps/bff > @welpco/database@link:../../packages/database > @nestjs/typeorm@11.0.0 > @nestjs/core@11.1.9 > @nestjs/platform-express@11.1.9 > @nestjs/common@11.1.9 > file-type@21.1.0; packages/database > @nestjs/common@11.1.9 > file-type@21.1.0; packages/database > @nestjs/config@4.0.2 > @nestjs/common@11.1.9 > file-type@21.1.0; packages/database > @nestjs/typeorm@11.0.0 > @nestjs/common@11.1.9 > file-type@21.1.0; packages/database > @nestjs/typeorm@11.0.0 > @nestjs/core@11.1.9 > @nestjs/common@11.1.9 > file-type@21.1.0; packages/database > @nestjs/typeorm@11.0.0 > @nestjs/core@11.1.9 > @nestjs/microservices@11.1.11 > @nestjs/common@11.1.9 > file-type@21.1.0; packages/database > @nestjs/typeorm@11.0.0 > @nestjs/core@11.1.9 > @nestjs/platform-express@11.1.9 > @nestjs/common@11.1.9 > file-type@21.1.0
file-type,moderate,file-type: ZIP Decompression Bomb DoS via [Content_Types].xml entry,21.1.0,>=21.3.2,https://github.com/advisories/GHSA-j47w-4g3g-c36v,apps/bff > @nestjs/axios@3.1.3 > @nestjs/common@11.1.9 > file-type@21.1.0; apps/bff > @nestjs/cache-manager@3.1.0 > @nestjs/common@11.1.9 > file-type@21.1.0; apps/bff > @nestjs/cache-manager@3.1.0 > @nestjs/core@11.1.9 > @nestjs/common@11.1.9 > file-type@21.1.0; apps/bff > @nestjs/cache-manager@3.1.0 > @nestjs/core@11.1.9 > @nestjs/microservices@11.1.11 > @nestjs/common@11.1.9 > file-type@21.1.0; apps/bff > @nestjs/cache-manager@3.1.0 > @nestjs/core@11.1.9 > @nestjs/platform-express@11.1.9 > @nestjs/common@11.1.9 > file-type@21.1.0; apps/bff > @nestjs/common@11.1.9 > file-type@21.1.0; apps/bff > @nestjs/config@4.0.2 > @nestjs/common@11.1.9 > file-type@21.1.0; apps/bff > @nestjs/core@11.1.9 > @nestjs/common@11.1.9 > file-type@21.1.0; apps/bff > @nestjs/core@11.1.9 > @nestjs/microservices@11.1.11 > @nestjs/common@11.1.9 > file-type@21.1.0; apps/bff > @nestjs/core@11.1.9 > @nestjs/platform-express@11.1.9 > @nestjs/common@11.1.9 > file-type@21.1.0; apps/bff > @nestjs/jwt@11.0.1 > @nestjs/common@11.1.9 > file-type@21.1.0; apps/bff > @nestjs/mapped-types@2.1.0 > @nestjs/common@11.1.9 > file-type@21.1.0; apps/bff > @nestjs/passport@11.0.5 > @nestjs/common@11.1.9 > file-type@21.1.0; apps/bff > @nestjs/platform-express@11.1.9 > @nestjs/common@11.1.9 > file-type@21.1.0; apps/bff > @nestjs/platform-express@11.1.9 > @nestjs/core@11.1.9 > @nestjs/common@11.1.9 > file-type@21.1.0; apps/bff > @nestjs/platform-express@11.1.9 > @nestjs/core@11.1.9 > @nestjs/microservices@11.1.11 > @nestjs/common@11.1.9 > file-type@21.1.0; apps/bff > @nestjs/schedule@5.0.1 > @nestjs/common@11.1.9 > file-type@21.1.0; apps/bff > @nestjs/schedule@5.0.1 > @nestjs/core@11.1.9 > @nestjs/common@11.1.9 > file-type@21.1.0; apps/bff > @nestjs/schedule@5.0.1 > @nestjs/core@11.1.9 > @nestjs/microservices@11.1.11 > @nestjs/common@11.1.9 > file-type@21.1.0; apps/bff > @nestjs/schedule@5.0.1 > @nestjs/core@11.1.9 > @nestjs/platform-express@11.1.9 > @nestjs/common@11.1.9 > file-type@21.1.0; apps/bff > @nestjs/swagger@11.2.3 > @nestjs/common@11.1.9 > file-type@21.1.0; apps/bff > @nestjs/swagger@11.2.3 > @nestjs/core@11.1.9 > @nestjs/common@11.1.9 > file-type@21.1.0; apps/bff > @nestjs/swagger@11.2.3 > @nestjs/core@11.1.9 > @nestjs/microservices@11.1.11 > @nestjs/common@11.1.9 > file-type@21.1.0; apps/bff > @nestjs/swagger@11.2.3 > @nestjs/core@11.1.9 > @nestjs/platform-express@11.1.9 > @nestjs/common@11.1.9 > file-type@21.1.0; apps/bff > @nestjs/swagger@11.2.3 > @nestjs/mapped-types@2.1.0 > @nestjs/common@11.1.9 > file-type@21.1.0; apps/bff > @nestjs/terminus@11.0.0 > @nestjs/common@11.1.9 > file-type@21.1.0; apps/bff > @nestjs/terminus@11.0.0 > @nestjs/core@11.1.9 > @nestjs/common@11.1.9 > file-type@21.1.0; apps/bff > @nestjs/terminus@11.0.0 > @nestjs/core@11.1.9 > @nestjs/microservices@11.1.11 > @nestjs/common@11.1.9 > file-type@21.1.0; apps/bff > @nestjs/terminus@11.0.0 > @nestjs/core@11.1.9 > @nestjs/platform-express@11.1.9 > @nestjs/common@11.1.9 > file-type@21.1.0; apps/bff > @nestjs/terminus@11.0.0 > @nestjs/axios@3.1.3 > @nestjs/common@11.1.9 > file-type@21.1.0; apps/bff > @nestjs/terminus@11.0.0 > @nestjs/microservices@11.1.11 > @nestjs/common@11.1.9 > file-type@21.1.0; apps/bff > @nestjs/terminus@11.0.0 > @nestjs/typeorm@11.0.0 > @nestjs/common@11.1.9 > file-type@21.1.0; apps/bff > @nestjs/terminus@11.0.0 > @nestjs/typeorm@11.0.0 > @nestjs/core@11.1.9 > @nestjs/common@11.1.9 > file-type@21.1.0; apps/bff > @nestjs/terminus@11.0.0 > @nestjs/typeorm@11.0.0 > @nestjs/core@11.1.9 > @nestjs/microservices@11.1.11 > @nestjs/common@11.1.9 > file-type@21.1.0; apps/bff > @nestjs/terminus@11.0.0 > @nestjs/typeorm@11.0.0 > @nestjs/core@11.1.9 > @nestjs/platform-express@11.1.9 > @nestjs/common@11.1.9 > file-type@21.1.0; apps/bff > @nestjs/typeorm@11.0.0 > @nestjs/common@11.1.9 > file-type@21.1.0; apps/bff > @nestjs/typeorm@11.0.0 > @nestjs/core@11.1.9 > @nestjs/common@11.1.9 > file-type@21.1.0; apps/bff > @nestjs/typeorm@11.0.0 > @nestjs/core@11.1.9 > @nestjs/microservices@11.1.11 > @nestjs/common@11.1.9 > file-type@21.1.0; apps/bff > @nestjs/typeorm@11.0.0 > @nestjs/core@11.1.9 > @nestjs/platform-express@11.1.9 > @nestjs/common@11.1.9 > file-type@21.1.0; apps/bff > @welpco/database@link:../../packages/database > @nestjs/common@11.1.9 > file-type@21.1.0; apps/bff > @welpco/database@link:../../packages/database > @nestjs/config@4.0.2 > @nestjs/common@11.1.9 > file-type@21.1.0; apps/bff > @welpco/database@link:../../packages/database > @nestjs/typeorm@11.0.0 > @nestjs/common@11.1.9 > file-type@21.1.0; apps/bff > @welpco/database@link:../../packages/database > @nestjs/typeorm@11.0.0 > @nestjs/core@11.1.9 > @nestjs/common@11.1.9 > file-type@21.1.0; apps/bff > @welpco/database@link:../../packages/database > @nestjs/typeorm@11.0.0 > @nestjs/core@11.1.9 > @nestjs/microservices@11.1.11 > @nestjs/common@11.1.9 > file-type@21.1.0; apps/bff > @welpco/database@link:../../packages/database > @nestjs/typeorm@11.0.0 > @nestjs/core@11.1.9 > @nestjs/platform-express@11.1.9 > @nestjs/common@11.1.9 > file-type@21.1.0; packages/database > @nestjs/common@11.1.9 > file-type@21.1.0; packages/database > @nestjs/config@4.0.2 > @nestjs/common@11.1.9 > file-type@21.1.0; packages/database > @nestjs/typeorm@11.0.0 > @nestjs/common@11.1.9 > file-type@21.1.0; packages/database > @nestjs/typeorm@11.0.0 > @nestjs/core@11.1.9 > @nestjs/common@11.1.9 > file-type@21.1.0; packages/database > @nestjs/typeorm@11.0.0 > @nestjs/core@11.1.9 > @nestjs/microservices@11.1.11 > @nestjs/common@11.1.9 > file-type@21.1.0; packages/database > @nestjs/typeorm@11.0.0 > @nestjs/core@11.1.9 > @nestjs/platform-express@11.1.9 > @nestjs/common@11.1.9 > file-type@21.1.0
follow-redirects,moderate,follow-redirects leaks Custom Authentication Headers to Cross-Domain Redirect Targets,1.15.11,>=1.16.0,https://github.com/advisories/GHSA-r4q5-vmmm-2653,apps/bff > @nestjs/axios@3.1.3 > axios@1.13.2 > follow-redirects@1.15.11; apps/bff > @nestjs/terminus@11.0.0 > @nestjs/axios@3.1.3 > axios@1.13.2 > follow-redirects@1.15.11; apps/bff > @welpco/sms@link:../../packages/sms > twilio@5.13.1 > axios@1.15.2 > follow-redirects@1.15.11; apps/bff > axios@1.13.2 > follow-redirects@1.15.11; apps/bff > twilio@5.13.1 > axios@1.15.2 > follow-redirects@1.15.11; packages/sms > twilio@5.13.1 > axios@1.15.2 > follow-redirects@1.15.11
js-yaml,moderate,JS-YAML: Quadratic-complexity DoS in merge key handling via repeated aliases,3.14.2,>=3.15.0,https://github.com/advisories/GHSA-h67p-54hq-rp68,apps/web > gray-matter@4.0.3 > js-yaml@3.14.2
js-yaml,moderate,JS-YAML: Quadratic-complexity DoS in merge key handling via repeated aliases,4.1.1,>=4.2.0,https://github.com/advisories/GHSA-h67p-54hq-rp68,apps/bff > @nestjs/swagger@11.2.3 > js-yaml@4.1.1; packages/eslint-plugin-design > eslint@9.39.1 > @eslint/eslintrc@3.3.3 > js-yaml@4.1.1
lodash,moderate,lodash vulnerable to Prototype Pollution via array path bypass in `_.unset` and `_.omit`,4.17.21,>=4.18.0,https://github.com/advisories/GHSA-f23m-r3pf-42rh,apps/bff > @nestjs/config@4.0.2 > lodash@4.17.21; apps/bff > @nestjs/swagger@11.2.3 > lodash@4.17.21; apps/bff > @welpco/database@link:../../packages/database > @nestjs/config@4.0.2 > lodash@4.17.21; packages/database > @nestjs/config@4.0.2 > lodash@4.17.21
lodash,moderate,Lodash has Prototype Pollution Vulnerability in `_.unset` and `_.omit` functions,4.17.21,>=4.17.23,https://github.com/advisories/GHSA-xxjr-mmjv-4gpg,apps/bff > @nestjs/config@4.0.2 > lodash@4.17.21; apps/bff > @nestjs/swagger@11.2.3 > lodash@4.17.21; apps/bff > @welpco/database@link:../../packages/database > @nestjs/config@4.0.2 > lodash@4.17.21; packages/database > @nestjs/config@4.0.2 > lodash@4.17.21
multer,moderate,Multer vulnerable to Denial of Service via incomplete cleanup of aborted uploads,2.0.2,>=2.2.0,https://github.com/advisories/GHSA-3p4h-7m6x-2hcm,apps/bff > @nestjs/cache-manager@3.1.0 > @nestjs/core@11.1.9 > @nestjs/platform-express@11.1.9 > multer@2.0.2; apps/bff > @nestjs/core@11.1.9 > @nestjs/platform-express@11.1.9 > multer@2.0.2; apps/bff > @nestjs/platform-express@11.1.9 > multer@2.0.2; apps/bff > @nestjs/schedule@5.0.1 > @nestjs/core@11.1.9 > @nestjs/platform-express@11.1.9 > multer@2.0.2; apps/bff > @nestjs/swagger@11.2.3 > @nestjs/core@11.1.9 > @nestjs/platform-express@11.1.9 > multer@2.0.2; apps/bff > @nestjs/terminus@11.0.0 > @nestjs/core@11.1.9 > @nestjs/platform-express@11.1.9 > multer@2.0.2; apps/bff > @nestjs/terminus@11.0.0 > @nestjs/typeorm@11.0.0 > @nestjs/core@11.1.9 > @nestjs/platform-express@11.1.9 > multer@2.0.2; apps/bff > @nestjs/typeorm@11.0.0 > @nestjs/core@11.1.9 > @nestjs/platform-express@11.1.9 > multer@2.0.2; apps/bff > @welpco/database@link:../../packages/database > @nestjs/typeorm@11.0.0 > @nestjs/core@11.1.9 > @nestjs/platform-express@11.1.9 > multer@2.0.2; packages/database > @nestjs/typeorm@11.0.0 > @nestjs/core@11.1.9 > @nestjs/platform-express@11.1.9 > multer@2.0.2
next-auth,moderate,"Auth.js: OAuth state, nonce, and PKCE check cookies are not bound to the provider that created them",5.0.0-beta.30,>=5.0.0-beta.32,https://github.com/advisories/GHSA-x445-f3h2-j279,apps/admin > next-auth@5.0.0-beta.30; apps/web > next-auth@5.0.0-beta.30
nodemailer,moderate,Nodemailer Vulnerable to SMTP Command Injection via CRLF in Transport name Option (EHLO/HELO) ,7.0.12,>=8.0.5,https://github.com/advisories/GHSA-vvjj-xcjg-gr5g,apps/bff > @welpco/email@link:../../packages/email > nodemailer@7.0.12; apps/bff > nodemailer@7.0.12; apps/web > @welpco/email@link:../../packages/email > nodemailer@7.0.12; packages/email > nodemailer@7.0.12
nodemailer,moderate,Nodemailer: CRLF injection in Nodemailer List-* header comments allows arbitrary message header injection,7.0.12,>=8.0.9,https://github.com/advisories/GHSA-268h-hp4c-crq3,apps/bff > @welpco/email@link:../../packages/email > nodemailer@7.0.12; apps/bff > nodemailer@7.0.12; apps/web > @welpco/email@link:../../packages/email > nodemailer@7.0.12; packages/email > nodemailer@7.0.12
nodemailer,moderate,Nodemailer jsonTransport bypasses disableFileAccess and disableUrlAccess during message normalization,7.0.12,>=8.0.9,https://github.com/advisories/GHSA-wqvq-jvpq-h66f,apps/bff > @welpco/email@link:../../packages/email > nodemailer@7.0.12; apps/bff > nodemailer@7.0.12; apps/web > @welpco/email@link:../../packages/email > nodemailer@7.0.12; packages/email > nodemailer@7.0.12
nodemailer,moderate,Nodemailer: Improper TLS Certificate Validation in OAuth2 Token Fetch Enables Credential Interception,7.0.12,>=8.0.8,https://github.com/advisories/GHSA-r7g4-qg5f-qqm2,apps/bff > @welpco/email@link:../../packages/email > nodemailer@7.0.12; apps/bff > nodemailer@7.0.12; apps/web > @welpco/email@link:../../packages/email > nodemailer@7.0.12; packages/email > nodemailer@7.0.12
path-to-regexp,moderate,path-to-regexp vulnerable to Regular Expression Denial of Service via multiple wildcards,8.3.0,>=8.4.0,https://github.com/advisories/GHSA-27v5-c462-wpq7,apps/bff > @nestjs/cache-manager@3.1.0 > @nestjs/core@11.1.9 > path-to-regexp@8.3.0; apps/bff > @nestjs/cache-manager@3.1.0 > @nestjs/core@11.1.9 > @nestjs/platform-express@11.1.9 > express@5.1.0 > router@2.2.0 > path-to-regexp@8.3.0; apps/bff > @nestjs/cache-manager@3.1.0 > @nestjs/core@11.1.9 > @nestjs/platform-express@11.1.9 > path-to-regexp@8.3.0; apps/bff > @nestjs/core@11.1.9 > path-to-regexp@8.3.0; apps/bff > @nestjs/core@11.1.9 > @nestjs/platform-express@11.1.9 > express@5.1.0 > router@2.2.0 > path-to-regexp@8.3.0; apps/bff > @nestjs/core@11.1.9 > @nestjs/platform-express@11.1.9 > path-to-regexp@8.3.0; apps/bff > @nestjs/platform-express@11.1.9 > @nestjs/core@11.1.9 > path-to-regexp@8.3.0; apps/bff > @nestjs/platform-express@11.1.9 > express@5.1.0 > router@2.2.0 > path-to-regexp@8.3.0; apps/bff > @nestjs/platform-express@11.1.9 > path-to-regexp@8.3.0; apps/bff > @nestjs/schedule@5.0.1 > @nestjs/core@11.1.9 > path-to-regexp@8.3.0; apps/bff > @nestjs/schedule@5.0.1 > @nestjs/core@11.1.9 > @nestjs/platform-express@11.1.9 > express@5.1.0 > router@2.2.0 > path-to-regexp@8.3.0; apps/bff > @nestjs/schedule@5.0.1 > @nestjs/core@11.1.9 > @nestjs/platform-express@11.1.9 > path-to-regexp@8.3.0; apps/bff > @nestjs/swagger@11.2.3 > @nestjs/core@11.1.9 > path-to-regexp@8.3.0; apps/bff > @nestjs/swagger@11.2.3 > @nestjs/core@11.1.9 > @nestjs/platform-express@11.1.9 > express@5.1.0 > router@2.2.0 > path-to-regexp@8.3.0; apps/bff > @nestjs/swagger@11.2.3 > @nestjs/core@11.1.9 > @nestjs/platform-express@11.1.9 > path-to-regexp@8.3.0; apps/bff > @nestjs/swagger@11.2.3 > path-to-regexp@8.3.0; apps/bff > @nestjs/terminus@11.0.0 > @nestjs/core@11.1.9 > path-to-regexp@8.3.0; apps/bff > @nestjs/terminus@11.0.0 > @nestjs/core@11.1.9 > @nestjs/platform-express@11.1.9 > express@5.1.0 > router@2.2.0 > path-to-regexp@8.3.0; apps/bff > @nestjs/terminus@11.0.0 > @nestjs/core@11.1.9 > @nestjs/platform-express@11.1.9 > path-to-regexp@8.3.0; apps/bff > @nestjs/terminus@11.0.0 > @nestjs/typeorm@11.0.0 > @nestjs/core@11.1.9 > path-to-regexp@8.3.0; apps/bff > @nestjs/terminus@11.0.0 > @nestjs/typeorm@11.0.0 > @nestjs/core@11.1.9 > @nestjs/platform-express@11.1.9 > express@5.1.0 > router@2.2.0 > path-to-regexp@8.3.0; apps/bff > @nestjs/terminus@11.0.0 > @nestjs/typeorm@11.0.0 > @nestjs/core@11.1.9 > @nestjs/platform-express@11.1.9 > path-to-regexp@8.3.0; apps/bff > @nestjs/typeorm@11.0.0 > @nestjs/core@11.1.9 > path-to-regexp@8.3.0; apps/bff > @nestjs/typeorm@11.0.0 > @nestjs/core@11.1.9 > @nestjs/platform-express@11.1.9 > express@5.1.0 > router@2.2.0 > path-to-regexp@8.3.0; apps/bff > @nestjs/typeorm@11.0.0 > @nestjs/core@11.1.9 > @nestjs/platform-express@11.1.9 > path-to-regexp@8.3.0; apps/bff > @welpco/database@link:../../packages/database > @nestjs/typeorm@11.0.0 > @nestjs/core@11.1.9 > path-to-regexp@8.3.0; apps/bff > @welpco/database@link:../../packages/database > @nestjs/typeorm@11.0.0 > @nestjs/core@11.1.9 > @nestjs/platform-express@11.1.9 > express@5.1.0 > router@2.2.0 > path-to-regexp@8.3.0; apps/bff > @welpco/database@link:../../packages/database > @nestjs/typeorm@11.0.0 > @nestjs/core@11.1.9 > @nestjs/platform-express@11.1.9 > path-to-regexp@8.3.0; apps/bff > express@5.1.0 > router@2.2.0 > path-to-regexp@8.3.0; packages/database > @nestjs/typeorm@11.0.0 > @nestjs/core@11.1.9 > path-to-regexp@8.3.0; packages/database > @nestjs/typeorm@11.0.0 > @nestjs/core@11.1.9 > @nestjs/platform-express@11.1.9 > express@5.1.0 > router@2.2.0 > path-to-regexp@8.3.0; packages/database > @nestjs/typeorm@11.0.0 > @nestjs/core@11.1.9 > @nestjs/platform-express@11.1.9 > path-to-regexp@8.3.0
picomatch,moderate,Picomatch: Method Injection in POSIX Character Classes causes incorrect Glob Matching,4.0.3,>=4.0.4,https://github.com/advisories/GHSA-3v7f-55p6-f55p,apps/web > next-intl@4.13.0 > @parcel/watcher@2.5.6 > picomatch@4.0.3
qs,moderate,qs's arrayLimit bypass in its bracket notation allows DoS via memory exhaustion,6.14.0,>=6.14.1,https://github.com/advisories/GHSA-6rw7-vpxm-498p,apps/bff > @nestjs/cache-manager@3.1.0 > @nestjs/core@11.1.9 > @nestjs/platform-express@11.1.9 > express@5.1.0 > body-parser@2.2.1 > qs@6.14.0; apps/bff > @nestjs/cache-manager@3.1.0 > @nestjs/core@11.1.9 > @nestjs/platform-express@11.1.9 > express@5.1.0 > qs@6.14.0; apps/bff > @nestjs/core@11.1.9 > @nestjs/platform-express@11.1.9 > express@5.1.0 > body-parser@2.2.1 > qs@6.14.0; apps/bff > @nestjs/core@11.1.9 > @nestjs/platform-express@11.1.9 > express@5.1.0 > qs@6.14.0; apps/bff > @nestjs/platform-express@11.1.9 > express@5.1.0 > body-parser@2.2.1 > qs@6.14.0; apps/bff > @nestjs/platform-express@11.1.9 > express@5.1.0 > qs@6.14.0; apps/bff > @nestjs/schedule@5.0.1 > @nestjs/core@11.1.9 > @nestjs/platform-express@11.1.9 > express@5.1.0 > body-parser@2.2.1 > qs@6.14.0; apps/bff > @nestjs/schedule@5.0.1 > @nestjs/core@11.1.9 > @nestjs/platform-express@11.1.9 > express@5.1.0 > qs@6.14.0; apps/bff > @nestjs/swagger@11.2.3 > @nestjs/core@11.1.9 > @nestjs/platform-express@11.1.9 > express@5.1.0 > body-parser@2.2.1 > qs@6.14.0; apps/bff > @nestjs/swagger@11.2.3 > @nestjs/core@11.1.9 > @nestjs/platform-express@11.1.9 > express@5.1.0 > qs@6.14.0; apps/bff > @nestjs/terminus@11.0.0 > @nestjs/core@11.1.9 > @nestjs/platform-express@11.1.9 > express@5.1.0 > body-parser@2.2.1 > qs@6.14.0; apps/bff > @nestjs/terminus@11.0.0 > @nestjs/core@11.1.9 > @nestjs/platform-express@11.1.9 > express@5.1.0 > qs@6.14.0; apps/bff > @nestjs/terminus@11.0.0 > @nestjs/typeorm@11.0.0 > @nestjs/core@11.1.9 > @nestjs/platform-express@11.1.9 > express@5.1.0 > body-parser@2.2.1 > qs@6.14.0; apps/bff > @nestjs/terminus@11.0.0 > @nestjs/typeorm@11.0.0 > @nestjs/core@11.1.9 > @nestjs/platform-express@11.1.9 > express@5.1.0 > qs@6.14.0; apps/bff > @nestjs/typeorm@11.0.0 > @nestjs/core@11.1.9 > @nestjs/platform-express@11.1.9 > express@5.1.0 > body-parser@2.2.1 > qs@6.14.0; apps/bff > @nestjs/typeorm@11.0.0 > @nestjs/core@11.1.9 > @nestjs/platform-express@11.1.9 > express@5.1.0 > qs@6.14.0; apps/bff > @welpco/database@link:../../packages/database > @nestjs/typeorm@11.0.0 > @nestjs/core@11.1.9 > @nestjs/platform-express@11.1.9 > express@5.1.0 > body-parser@2.2.1 > qs@6.14.0; apps/bff > @welpco/database@link:../../packages/database > @nestjs/typeorm@11.0.0 > @nestjs/core@11.1.9 > @nestjs/platform-express@11.1.9 > express@5.1.0 > qs@6.14.0; apps/bff > express@5.1.0 > body-parser@2.2.1 > qs@6.14.0; apps/bff > express@5.1.0 > qs@6.14.0; apps/bff > stripe@17.7.0 > qs@6.14.0; packages/database > @nestjs/typeorm@11.0.0 > @nestjs/core@11.1.9 > @nestjs/platform-express@11.1.9 > express@5.1.0 > body-parser@2.2.1 > qs@6.14.0; packages/database > @nestjs/typeorm@11.0.0 > @nestjs/core@11.1.9 > @nestjs/platform-express@11.1.9 > express@5.1.0 > qs@6.14.0
qs,moderate,qs has a remotely triggerable DoS: qs.stringify crashes with TypeError on null/undefined entries in comma-format arrays when encodeValuesOnly is set,6.14.0,>=6.15.2,https://github.com/advisories/GHSA-q8mj-m7cp-5q26,apps/bff > @nestjs/cache-manager@3.1.0 > @nestjs/core@11.1.9 > @nestjs/platform-express@11.1.9 > express@5.1.0 > body-parser@2.2.1 > qs@6.14.0; apps/bff > @nestjs/cache-manager@3.1.0 > @nestjs/core@11.1.9 > @nestjs/platform-express@11.1.9 > express@5.1.0 > qs@6.14.0; apps/bff > @nestjs/core@11.1.9 > @nestjs/platform-express@11.1.9 > express@5.1.0 > body-parser@2.2.1 > qs@6.14.0; apps/bff > @nestjs/core@11.1.9 > @nestjs/platform-express@11.1.9 > express@5.1.0 > qs@6.14.0; apps/bff > @nestjs/platform-express@11.1.9 > express@5.1.0 > body-parser@2.2.1 > qs@6.14.0; apps/bff > @nestjs/platform-express@11.1.9 > express@5.1.0 > qs@6.14.0; apps/bff > @nestjs/schedule@5.0.1 > @nestjs/core@11.1.9 > @nestjs/platform-express@11.1.9 > express@5.1.0 > body-parser@2.2.1 > qs@6.14.0; apps/bff > @nestjs/schedule@5.0.1 > @nestjs/core@11.1.9 > @nestjs/platform-express@11.1.9 > express@5.1.0 > qs@6.14.0; apps/bff > @nestjs/swagger@11.2.3 > @nestjs/core@11.1.9 > @nestjs/platform-express@11.1.9 > express@5.1.0 > body-parser@2.2.1 > qs@6.14.0; apps/bff > @nestjs/swagger@11.2.3 > @nestjs/core@11.1.9 > @nestjs/platform-express@11.1.9 > express@5.1.0 > qs@6.14.0; apps/bff > @nestjs/terminus@11.0.0 > @nestjs/core@11.1.9 > @nestjs/platform-express@11.1.9 > express@5.1.0 > body-parser@2.2.1 > qs@6.14.0; apps/bff > @nestjs/terminus@11.0.0 > @nestjs/core@11.1.9 > @nestjs/platform-express@11.1.9 > express@5.1.0 > qs@6.14.0; apps/bff > @nestjs/terminus@11.0.0 > @nestjs/typeorm@11.0.0 > @nestjs/core@11.1.9 > @nestjs/platform-express@11.1.9 > express@5.1.0 > body-parser@2.2.1 > qs@6.14.0; apps/bff > @nestjs/terminus@11.0.0 > @nestjs/typeorm@11.0.0 > @nestjs/core@11.1.9 > @nestjs/platform-express@11.1.9 > express@5.1.0 > qs@6.14.0; apps/bff > @nestjs/typeorm@11.0.0 > @nestjs/core@11.1.9 > @nestjs/platform-express@11.1.9 > express@5.1.0 > body-parser@2.2.1 > qs@6.14.0; apps/bff > @nestjs/typeorm@11.0.0 > @nestjs/core@11.1.9 > @nestjs/platform-express@11.1.9 > express@5.1.0 > qs@6.14.0; apps/bff > @welpco/database@link:../../packages/database > @nestjs/typeorm@11.0.0 > @nestjs/core@11.1.9 > @nestjs/platform-express@11.1.9 > express@5.1.0 > body-parser@2.2.1 > qs@6.14.0; apps/bff > @welpco/database@link:../../packages/database > @nestjs/typeorm@11.0.0 > @nestjs/core@11.1.9 > @nestjs/platform-express@11.1.9 > express@5.1.0 > qs@6.14.0; apps/bff > express@5.1.0 > body-parser@2.2.1 > qs@6.14.0; apps/bff > express@5.1.0 > qs@6.14.0; apps/bff > stripe@17.7.0 > qs@6.14.0; packages/database > @nestjs/typeorm@11.0.0 > @nestjs/core@11.1.9 > @nestjs/platform-express@11.1.9 > express@5.1.0 > body-parser@2.2.1 > qs@6.14.0; packages/database > @nestjs/typeorm@11.0.0 > @nestjs/core@11.1.9 > @nestjs/platform-express@11.1.9 > express@5.1.0 > qs@6.14.0
qs,moderate,qs array-limit bypass via bracket-key comma parsing,6.15.3,>=6.16.0,https://github.com/advisories/GHSA-x5fp-wj9c-mxmx,apps/bff > @welpco/sms@link:../../packages/sms > twilio@5.13.1 > qs@6.15.3; apps/bff > twilio@5.13.1 > qs@6.15.3; packages/sms > twilio@5.13.1 > qs@6.15.3
qs,moderate,qs: Denial of Service via Attacker Controlled isBuffer,6.14.0; 6.15.3,>=6.16.0,https://github.com/advisories/GHSA-4mjr-xmp4-gh2g,apps/bff > @nestjs/cache-manager@3.1.0 > @nestjs/core@11.1.9 > @nestjs/platform-express@11.1.9 > express@5.1.0 > body-parser@2.2.1 > qs@6.14.0; apps/bff > @nestjs/cache-manager@3.1.0 > @nestjs/core@11.1.9 > @nestjs/platform-express@11.1.9 > express@5.1.0 > qs@6.14.0; apps/bff > @nestjs/core@11.1.9 > @nestjs/platform-express@11.1.9 > express@5.1.0 > body-parser@2.2.1 > qs@6.14.0; apps/bff > @nestjs/core@11.1.9 > @nestjs/platform-express@11.1.9 > express@5.1.0 > qs@6.14.0; apps/bff > @nestjs/platform-express@11.1.9 > express@5.1.0 > body-parser@2.2.1 > qs@6.14.0; apps/bff > @nestjs/platform-express@11.1.9 > express@5.1.0 > qs@6.14.0; apps/bff > @nestjs/schedule@5.0.1 > @nestjs/core@11.1.9 > @nestjs/platform-express@11.1.9 > express@5.1.0 > body-parser@2.2.1 > qs@6.14.0; apps/bff > @nestjs/schedule@5.0.1 > @nestjs/core@11.1.9 > @nestjs/platform-express@11.1.9 > express@5.1.0 > qs@6.14.0; apps/bff > @nestjs/swagger@11.2.3 > @nestjs/core@11.1.9 > @nestjs/platform-express@11.1.9 > express@5.1.0 > body-parser@2.2.1 > qs@6.14.0; apps/bff > @nestjs/swagger@11.2.3 > @nestjs/core@11.1.9 > @nestjs/platform-express@11.1.9 > express@5.1.0 > qs@6.14.0; apps/bff > @nestjs/terminus@11.0.0 > @nestjs/core@11.1.9 > @nestjs/platform-express@11.1.9 > express@5.1.0 > body-parser@2.2.1 > qs@6.14.0; apps/bff > @nestjs/terminus@11.0.0 > @nestjs/core@11.1.9 > @nestjs/platform-express@11.1.9 > express@5.1.0 > qs@6.14.0; apps/bff > @nestjs/terminus@11.0.0 > @nestjs/typeorm@11.0.0 > @nestjs/core@11.1.9 > @nestjs/platform-express@11.1.9 > express@5.1.0 > body-parser@2.2.1 > qs@6.14.0; apps/bff > @nestjs/terminus@11.0.0 > @nestjs/typeorm@11.0.0 > @nestjs/core@11.1.9 > @nestjs/platform-express@11.1.9 > express@5.1.0 > qs@6.14.0; apps/bff > @nestjs/typeorm@11.0.0 > @nestjs/core@11.1.9 > @nestjs/platform-express@11.1.9 > express@5.1.0 > body-parser@2.2.1 > qs@6.14.0; apps/bff > @nestjs/typeorm@11.0.0 > @nestjs/core@11.1.9 > @nestjs/platform-express@11.1.9 > express@5.1.0 > qs@6.14.0; apps/bff > @welpco/database@link:../../packages/database > @nestjs/typeorm@11.0.0 > @nestjs/core@11.1.9 > @nestjs/platform-express@11.1.9 > express@5.1.0 > body-parser@2.2.1 > qs@6.14.0; apps/bff > @welpco/database@link:../../packages/database > @nestjs/typeorm@11.0.0 > @nestjs/core@11.1.9 > @nestjs/platform-express@11.1.9 > express@5.1.0 > qs@6.14.0; apps/bff > express@5.1.0 > body-parser@2.2.1 > qs@6.14.0; apps/bff > express@5.1.0 > qs@6.14.0; apps/bff > stripe@17.7.0 > qs@6.14.0; packages/database > @nestjs/typeorm@11.0.0 > @nestjs/core@11.1.9 > @nestjs/platform-express@11.1.9 > express@5.1.0 > body-parser@2.2.1 > qs@6.14.0; packages/database > @nestjs/typeorm@11.0.0 > @nestjs/core@11.1.9 > @nestjs/platform-express@11.1.9 > express@5.1.0 > qs@6.14.0; apps/bff > @welpco/sms@link:../../packages/sms > twilio@5.13.1 > qs@6.15.3; apps/bff > twilio@5.13.1 > qs@6.15.3; packages/sms > twilio@5.13.1 > qs@6.15.3
typeorm,moderate,TypeORM: SQL Injection in UpdateQueryBuilder/SoftDeleteQueryBuilder orderBy (MySQL/MariaDB),0.3.28,>=0.3.29,https://github.com/advisories/GHSA-9ggv-8w38-r7pm,apps/bff > @nestjs/terminus@11.0.0 > @nestjs/typeorm@11.0.0 > typeorm@0.3.28; apps/bff > @nestjs/terminus@11.0.0 > typeorm@0.3.28; apps/bff > @nestjs/typeorm@11.0.0 > typeorm@0.3.28; apps/bff > @welpco/database@link:../../packages/database > @nestjs/typeorm@11.0.0 > typeorm@0.3.28; apps/bff > @welpco/database@link:../../packages/database > typeorm@0.3.28; apps/bff > typeorm@0.3.28; packages/database > @nestjs/typeorm@11.0.0 > typeorm@0.3.28; packages/database > typeorm@0.3.28
typeorm,moderate, TypeORM: migration:generate template-literal code injection,0.3.28,>=0.3.31,https://github.com/advisories/GHSA-2rp8-mm9q-fp49,apps/bff > @nestjs/terminus@11.0.0 > @nestjs/typeorm@11.0.0 > typeorm@0.3.28; apps/bff > @nestjs/terminus@11.0.0 > typeorm@0.3.28; apps/bff > @nestjs/typeorm@11.0.0 > typeorm@0.3.28; apps/bff > @welpco/database@link:../../packages/database > @nestjs/typeorm@11.0.0 > typeorm@0.3.28; apps/bff > @welpco/database@link:../../packages/database > typeorm@0.3.28; apps/bff > typeorm@0.3.28; packages/database > @nestjs/typeorm@11.0.0 > typeorm@0.3.28; packages/database > typeorm@0.3.28
uuid,moderate,uuid: Missing buffer bounds check in v3/v5/v6 when buf is provided,11.1.0,>=11.1.1,https://github.com/advisories/GHSA-w5hq-g745-h8pq,apps/bff > @nestjs/terminus@11.0.0 > @nestjs/typeorm@11.0.0 > typeorm@0.3.28 > uuid@11.1.0; apps/bff > @nestjs/terminus@11.0.0 > typeorm@0.3.28 > uuid@11.1.0; apps/bff > @nestjs/typeorm@11.0.0 > typeorm@0.3.28 > uuid@11.1.0; apps/bff > @welpco/database@link:../../packages/database > @nestjs/typeorm@11.0.0 > typeorm@0.3.28 > uuid@11.1.0; apps/bff > @welpco/database@link:../../packages/database > typeorm@0.3.28 > uuid@11.1.0; apps/bff > typeorm@0.3.28 > uuid@11.1.0; packages/database > @nestjs/typeorm@11.0.0 > typeorm@0.3.28 > uuid@11.1.0; packages/database > typeorm@0.3.28 > uuid@11.1.0
@babel/core,low,@babel/core: Arbitrary File Read via sourceMappingURL Comment,7.28.5,>=7.29.6,https://github.com/advisories/GHSA-4x5r-pxfx-6jf8,apps/admin > next@16.3.0 > styled-jsx@5.1.6 > @babel/core@7.28.5 > @babel/helper-module-transforms@7.28.3 > @babel/core@7.28.5; apps/admin > next-auth@5.0.0-beta.30 > next@16.3.0 > styled-jsx@5.1.6 > @babel/core@7.28.5 > @babel/helper-module-transforms@7.28.3 > @babel/core@7.28.5; apps/web > @vercel/analytics@2.0.1 > next@16.3.0 > styled-jsx@5.1.6 > @babel/core@7.28.5 > @babel/helper-module-transforms@7.28.3 > @babel/core@7.28.5; apps/web > @vercel/speed-insights@2.0.0 > next@16.3.0 > styled-jsx@5.1.6 > @babel/core@7.28.5 > @babel/helper-module-transforms@7.28.3 > @babel/core@7.28.5; apps/web > next@16.3.0 > styled-jsx@5.1.6 > @babel/core@7.28.5 > @babel/helper-module-transforms@7.28.3 > @babel/core@7.28.5; apps/web > next-auth@5.0.0-beta.30 > next@16.3.0 > styled-jsx@5.1.6 > @babel/core@7.28.5 > @babel/helper-module-transforms@7.28.3 > @babel/core@7.28.5; apps/web > next-intl@4.13.0 > next@16.3.0 > styled-jsx@5.1.6 > @babel/core@7.28.5 > @babel/helper-module-transforms@7.28.3 > @babel/core@7.28.5
axios,low,Axios: Null Byte Injection via Reverse-Encoding in AxiosURLSearchParams,1.13.2,>=1.15.1,https://github.com/advisories/GHSA-xhjh-pmcv-23jw,apps/bff > @nestjs/axios@3.1.3 > axios@1.13.2; apps/bff > @nestjs/terminus@11.0.0 > @nestjs/axios@3.1.3 > axios@1.13.2; apps/bff > axios@1.13.2
axios,low,Axios has a Patch Bypass: Proxy-Authorization Header Injection via Prototype Pollution — Incomplete Null-Prototype Fix,1.15.2,>=1.16.0,https://github.com/advisories/GHSA-654m-c8p4-x5fp,apps/bff > @welpco/sms@link:../../packages/sms > twilio@5.13.1 > axios@1.15.2; apps/bff > twilio@5.13.1 > axios@1.15.2; packages/sms > twilio@5.13.1 > axios@1.15.2
body-parser,low,body-parser vulnerable to denial of service when invalid limit value silently disables size enforcement,2.2.1,>=2.3.0,https://github.com/advisories/GHSA-v422-hmwv-36x6,apps/bff > @nestjs/cache-manager@3.1.0 > @nestjs/core@11.1.9 > @nestjs/platform-express@11.1.9 > express@5.1.0 > body-parser@2.2.1; apps/bff > @nestjs/core@11.1.9 > @nestjs/platform-express@11.1.9 > express@5.1.0 > body-parser@2.2.1; apps/bff > @nestjs/platform-express@11.1.9 > express@5.1.0 > body-parser@2.2.1; apps/bff > @nestjs/schedule@5.0.1 > @nestjs/core@11.1.9 > @nestjs/platform-express@11.1.9 > express@5.1.0 > body-parser@2.2.1; apps/bff > @nestjs/swagger@11.2.3 > @nestjs/core@11.1.9 > @nestjs/platform-express@11.1.9 > express@5.1.0 > body-parser@2.2.1; apps/bff > @nestjs/terminus@11.0.0 > @nestjs/core@11.1.9 > @nestjs/platform-express@11.1.9 > express@5.1.0 > body-parser@2.2.1; apps/bff > @nestjs/terminus@11.0.0 > @nestjs/typeorm@11.0.0 > @nestjs/core@11.1.9 > @nestjs/platform-express@11.1.9 > express@5.1.0 > body-parser@2.2.1; apps/bff > @nestjs/typeorm@11.0.0 > @nestjs/core@11.1.9 > @nestjs/platform-express@11.1.9 > express@5.1.0 > body-parser@2.2.1; apps/bff > @welpco/database@link:../../packages/database > @nestjs/typeorm@11.0.0 > @nestjs/core@11.1.9 > @nestjs/platform-express@11.1.9 > express@5.1.0 > body-parser@2.2.1; apps/bff > express@5.1.0 > body-parser@2.2.1; packages/database > @nestjs/typeorm@11.0.0 > @nestjs/core@11.1.9 > @nestjs/platform-express@11.1.9 > express@5.1.0 > body-parser@2.2.1
diff,low,jsdiff has a Denial of Service vulnerability in parsePatch and applyPatch,4.0.2,>=4.0.4,https://github.com/advisories/GHSA-73rr-hh4g-fpgx,apps/bff > @nestjs/terminus@11.0.0 > @nestjs/typeorm@11.0.0 > typeorm@0.3.28 > ts-node@10.9.2 > diff@4.0.2; apps/bff > @nestjs/terminus@11.0.0 > typeorm@0.3.28 > ts-node@10.9.2 > diff@4.0.2; apps/bff > @nestjs/typeorm@11.0.0 > typeorm@0.3.28 > ts-node@10.9.2 > diff@4.0.2; apps/bff > @welpco/database@link:../../packages/database > @nestjs/typeorm@11.0.0 > typeorm@0.3.28 > ts-node@10.9.2 > diff@4.0.2; apps/bff > @welpco/database@link:../../packages/database > typeorm@0.3.28 > ts-node@10.9.2 > diff@4.0.2; apps/bff > typeorm@0.3.28 > ts-node@10.9.2 > diff@4.0.2; packages/database > @nestjs/typeorm@11.0.0 > typeorm@0.3.28 > ts-node@10.9.2 > diff@4.0.2; packages/database > typeorm@0.3.28 > ts-node@10.9.2 > diff@4.0.2
nodemailer,low,Nodemailer has SMTP command injection due to unsanitized `envelope.size` parameter,7.0.12,>=8.0.4,https://github.com/advisories/GHSA-c7w3-x93f-qmm8,apps/bff > @welpco/email@link:../../packages/email > nodemailer@7.0.12; apps/bff > nodemailer@7.0.12; apps/web > @welpco/email@link:../../packages/email > nodemailer@7.0.12; packages/email > nodemailer@7.0.12
qs,low,qs's arrayLimit bypass in comma parsing allows denial of service,6.14.0,>=6.14.2,https://github.com/advisories/GHSA-w7fw-mjwx-w883,apps/bff > @nestjs/cache-manager@3.1.0 > @nestjs/core@11.1.9 > @nestjs/platform-express@11.1.9 > express@5.1.0 > body-parser@2.2.1 > qs@6.14.0; apps/bff > @nestjs/cache-manager@3.1.0 > @nestjs/core@11.1.9 > @nestjs/platform-express@11.1.9 > express@5.1.0 > qs@6.14.0; apps/bff > @nestjs/core@11.1.9 > @nestjs/platform-express@11.1.9 > express@5.1.0 > body-parser@2.2.1 > qs@6.14.0; apps/bff > @nestjs/core@11.1.9 > @nestjs/platform-express@11.1.9 > express@5.1.0 > qs@6.14.0; apps/bff > @nestjs/platform-express@11.1.9 > express@5.1.0 > body-parser@2.2.1 > qs@6.14.0; apps/bff > @nestjs/platform-express@11.1.9 > express@5.1.0 > qs@6.14.0; apps/bff > @nestjs/schedule@5.0.1 > @nestjs/core@11.1.9 > @nestjs/platform-express@11.1.9 > express@5.1.0 > body-parser@2.2.1 > qs@6.14.0; apps/bff > @nestjs/schedule@5.0.1 > @nestjs/core@11.1.9 > @nestjs/platform-express@11.1.9 > express@5.1.0 > qs@6.14.0; apps/bff > @nestjs/swagger@11.2.3 > @nestjs/core@11.1.9 > @nestjs/platform-express@11.1.9 > express@5.1.0 > body-parser@2.2.1 > qs@6.14.0; apps/bff > @nestjs/swagger@11.2.3 > @nestjs/core@11.1.9 > @nestjs/platform-express@11.1.9 > express@5.1.0 > qs@6.14.0; apps/bff > @nestjs/terminus@11.0.0 > @nestjs/core@11.1.9 > @nestjs/platform-express@11.1.9 > express@5.1.0 > body-parser@2.2.1 > qs@6.14.0; apps/bff > @nestjs/terminus@11.0.0 > @nestjs/core@11.1.9 > @nestjs/platform-express@11.1.9 > express@5.1.0 > qs@6.14.0; apps/bff > @nestjs/terminus@11.0.0 > @nestjs/typeorm@11.0.0 > @nestjs/core@11.1.9 > @nestjs/platform-express@11.1.9 > express@5.1.0 > body-parser@2.2.1 > qs@6.14.0; apps/bff > @nestjs/terminus@11.0.0 > @nestjs/typeorm@11.0.0 > @nestjs/core@11.1.9 > @nestjs/platform-express@11.1.9 > express@5.1.0 > qs@6.14.0; apps/bff > @nestjs/typeorm@11.0.0 > @nestjs/core@11.1.9 > @nestjs/platform-express@11.1.9 > express@5.1.0 > body-parser@2.2.1 > qs@6.14.0; apps/bff > @nestjs/typeorm@11.0.0 > @nestjs/core@11.1.9 > @nestjs/platform-express@11.1.9 > express@5.1.0 > qs@6.14.0; apps/bff > @welpco/database@link:../../packages/database > @nestjs/typeorm@11.0.0 > @nestjs/core@11.1.9 > @nestjs/platform-express@11.1.9 > express@5.1.0 > body-parser@2.2.1 > qs@6.14.0; apps/bff > @welpco/database@link:../../packages/database > @nestjs/typeorm@11.0.0 > @nestjs/core@11.1.9 > @nestjs/platform-express@11.1.9 > express@5.1.0 > qs@6.14.0; apps/bff > express@5.1.0 > body-parser@2.2.1 > qs@6.14.0; apps/bff > express@5.1.0 > qs@6.14.0; apps/bff > stripe@17.7.0 > qs@6.14.0; packages/database > @nestjs/typeorm@11.0.0 > @nestjs/core@11.1.9 > @nestjs/platform-express@11.1.9 > express@5.1.0 > body-parser@2.2.1 > qs@6.14.0; packages/database > @nestjs/typeorm@11.0.0 > @nestjs/core@11.1.9 > @nestjs/platform-express@11.1.9 > express@5.1.0 > qs@6.14.0
